trackID,time,x,y
1.0,0.0,-0.8828406746509909,-0.3194607300122172
1.0,1.0,-0.10742858692256729,-0.5009989541951363
1.0,2.0,-0.12584769033066,-0.5752843338708067
1.0,3.0,-0.13569065552447554,-0.6083383240659637
1.0,4.0,-0.14391800534726673,-0.5857280444768612
1.0,5.0,-0.22389509834888494,-0.5202968708338654
1.0,6.0,-0.34090806642407556,-0.6044022689018543
1.0,7.0,-0.37464805386245875,-0.6346198428079907
1.0,8.0,-0.37232947678678413,-0.3376013177522312
1.0,9.0,-0.5040222437256332,-0.21681301010005605
1.0,10.0,-0.5395286800211982,-0.08572561942396226
1.0,11.0,-0.47592897795450984,0.015591928726109677
1.0,12.0,-0.3654767714278945,0.2847195519818211
1.0,13.0,-0.3505063685947537,0.2832955382959668
1.0,14.0,-0.31286456041706734,0.3052116874872694
1.0,15.0,-0.30040576768501587,0.3047844987681611
1.0,16.0,-0.11930436266893155,0.3574377984722698
1.0,17.0,0.0027551368026907247,0.3111228413767784
1.0,18.0,-0.27245376928802956,0.1979335284725311
1.0,19.0,-0.08660565525770894,0.18740243632461187
1.0,20.0,-0.21147589490678698,-0.027263848921859707
1.0,21.0,-0.274746263155467,-0.14567593784705152
1.0,22.0,-0.41618165904466486,-0.09987050885106262
1.0,23.0,-0.6541764672881852,-0.12343689095417515
1.0,24.0,-0.8558433986519284,-0.38153040959494344
1.0,25.0,-0.7459552656122764,-0.7522055815056171
1.0,26.0,-0.730560150497446,-0.6813685864915149
1.0,27.0,-0.8173615346185709,-0.5811325161477838
1.0,28.0,-0.9235307360294833,-0.8300744942029471
1.0,29.0,-0.9095640598954834,-0.7415399464336144
1.0,30.0,-0.9394177307996388,-0.7348544654281219
1.0,31.0,-1.0919424412483942,-0.7268321125132808
1.0,32.0,-1.1164949779305953,-0.6965657671303027
1.0,33.0,-1.1420328118146221,-0.5638694414497218
1.0,34.0,-1.0388483526395846,-0.41567795446367295
1.0,35.0,-0.7495195869327985,-0.5237058133304012
1.0,36.0,-0.6984043654048904,-0.5150003905362351
1.0,37.0,-0.2729347822564172,-0.4460692154416803
1.0,38.0,-0.30298267349871505,-0.3851894993636344
1.0,39.0,-0.3256358942872512,-0.02771828453781372
1.0,40.0,-0.21920737465072462,-0.04751898284536464
1.0,41.0,-0.21184184543325094,-0.04823976761537549
1.0,42.0,-0.060042843944262625,-0.06615824385185229
1.0,43.0,0.11897274881323242,-0.186437791550142
1.0,44.0,0.2656918689933938,-0.2834801646245033
1.0,45.0,0.40999116194813134,-0.23885940929648242
1.0,46.0,0.5612236414292067,-0.21374236950374628
1.0,47.0,0.7750139319208174,-0.1587060880536189
1.0,48.0,0.69782943489869,-0.12506504173412342
1.0,49.0,0.551320434602167,-0.17275426189047255
1.0,50.0,0.681932437809646,-0.05562942404982145
1.0,51.0,0.4852537735209247,-0.010279727416495604
1.0,52.0,0.3227963633077785,0.04154813544572258
1.0,53.0,0.25612740242062315,-0.21911230798821776
1.0,54.0,0.08625911955928331,-0.15306349495388522
1.0,55.0,-0.17367374313826936,0.08149188361682044
1.0,56.0,0.07691797298381245,-0.12103252417423949
1.0,57.0,0.1870760692136521,-0.21520237655192584
1.0,58.0,0.27162281690392065,-0.14466179241339297
1.0,59.0,0.47097064608957534,0.008166264441761023
1.0,60.0,0.46290006272752293,0.015164176102835866
1.0,61.0,0.4317703027227596,0.017432017947145943
1.0,62.0,0.4521123995370612,-0.006968495007084966
1.0,63.0,0.48694541290393467,-0.11648887747266047
1.0,64.0,0.5104090320939241,-0.3681807576389919
1.0,65.0,0.40526858253739617,-0.43897530286407227
1.0,66.0,0.44908692038097203,-0.4086095294833083
1.0,67.0,0.5211752352993009,-0.3731780784956004
1.0,68.0,0.41543024629253816,-0.6466105101690618
1.0,69.0,0.4228568595329102,-0.6508817316933402
1.0,70.0,0.4461042018119715,-0.6593095381511818
1.0,71.0,0.5614360650753736,-0.5692469408492826
1.0,72.0,0.8043366510953872,-0.5939959057782355
1.0,73.0,0.6672398690840521,-0.4779668911515785
1.0,74.0,0.524167150641966,-0.4237337145629594
1.0,75.0,0.2851163091578549,-0.19371809567439127
1.0,76.0,0.25940226131237354,-0.278045125937388
1.0,77.0,0.24570191606437922,-0.6019150526325152
1.0,78.0,0.13194988074080055,-0.3470085577543437
1.0,79.0,0.13206923607785434,-0.3399875521016174
1.0,80.0,0.10959606929960414,-0.2637622283081039
1.0,81.0,0.32101538784626893,0.02373522550058954
1.0,82.0,0.34302269013089465,0.11380563614331733
1.0,83.0,0.15413329613868376,0.09968040587562277
1.0,84.0,0.16844008583881687,0.15575038246135367
1.0,85.0,0.24029328419402035,0.35570308019646013
1.0,86.0,0.22391240954014013,0.24431883724041747
1.0,87.0,-0.092696408475542,0.14834654123053342
1.0,88.0,-0.13587535850263116,0.23085612331165115
1.0,89.0,-0.047222212161305455,0.2388061285188358
2.0,0.0,-3.019546952949035,4.923500140430395
2.0,1.0,-2.2954906826923627,4.591894123993966
2.0,2.0,-2.3482267749598926,4.536428048089256
2.0,3.0,-2.3393143425350598,4.503111103753063
2.0,4.0,-2.334063141238061,4.479630496581561
2.0,5.0,-2.4293351857689514,4.439620355114761
2.0,6.0,-2.5370718607457383,4.535320728922216
2.0,7.0,-2.5478723249753115,4.579307528050373
2.0,8.0,-2.308876180286037,4.402937964775929
2.0,9.0,-2.1837153444858406,4.5304823308266595
2.0,10.0,-2.0757589775301706,4.61288399249929
2.0,11.0,-1.9593195726310402,4.640307206257893
2.0,12.0,-1.8523605646498844,4.369772295132631
2.0,13.0,-1.8408024633694486,4.360151948426031
2.0,14.0,-1.8069231660561231,4.332776475246258
2.0,15.0,-1.8120033580204025,4.321392466455502
2.0,16.0,-1.6871104572935303,4.180070662700532
2.0,17.0,-1.5668395108619249,4.129291768399198
2.0,18.0,-1.61500258221351,3.8356387740242575
2.0,19.0,-1.4852148428785028,3.702201267644817
2.0,20.0,-1.5295420614626414,3.457846426350171
2.0,21.0,-1.6418332188071383,3.3842579878276386
2.0,22.0,-1.7893608239129069,3.4026349915985774
2.0,23.0,-1.550797100583462,3.4194947966832165
2.0,24.0,-1.3295283971383358,3.177995363048779
2.0,25.0,-1.6213027744515054,2.9243357533402965
2.0,26.0,-1.552030822334292,2.945696607300223
2.0,27.0,-1.4499532721765545,3.0303247576822976
2.0,28.0,-1.2845333690770915,2.8161279710004883
2.0,29.0,-1.1956219278014446,2.827450064501228
2.0,30.0,-1.1764820077702558,2.8035837538536206
2.0,31.0,-1.271940645941033,2.684353749901815
2.0,32.0,-1.2822004803163483,2.721951815263794
2.0,33.0,-1.1636825928506136,2.65703643835451
2.0,34.0,-0.9930152105973294,2.598041573618733
2.0,35.0,-0.8913628786504008,2.306411745983606
2.0,36.0,-0.913124104683104,2.2593479669234213
2.0,37.0,-0.5433182612725445,2.0379444636452293
2.0,38.0,-0.47915388432295025,2.0601288799892044
2.0,39.0,-0.4297239955338515,1.70536765897507
2.0,40.0,-0.5366610100856589,1.6885280519655315
2.0,41.0,-0.5422828529065326,1.6933411003379801
2.0,42.0,-0.5537402166908499,1.845763990544159
2.0,43.0,-0.5258786480615986,2.0596272296441502
2.0,44.0,-0.6171981694431218,1.909279408200028
2.0,45.0,-0.5145384903179664,1.7984900222679794
2.0,46.0,-0.5309959711372865,1.6460719135570212
2.0,47.0,-0.6486843283007634,1.459297367184913
2.0,48.0,-0.6073301470347446,1.3859557127868394
2.0,49.0,-0.5878329326831917,1.2331191742250907
2.0,50.0,-0.560544477207427,1.0598186744600393
2.0,51.0,-0.36777155491459046,1.0000048599870413
2.0,52.0,-0.22690015551547746,1.096097452486999
2.0,53.0,-0.4846388870188534,1.0189005393363932
2.0,54.0,-0.6360410322311337,0.9174359166808885
2.0,55.0,-0.2993684682049641,0.8213479186861519
2.0,56.0,-0.02335090091266906,0.655135264275686
2.0,57.0,0.046931298525524606,0.528394664214191
2.0,58.0,0.056811775278161475,0.4187292515502705
2.0,59.0,0.062126059217920956,0.1675963577482782
2.0,60.0,0.051862699256812826,0.16463518809275915
2.0,61.0,0.03536642617838157,0.13813843283656244
2.0,62.0,0.014597365719588154,0.11410029516138068
2.0,63.0,0.061624072642297405,0.00923589781114395
2.0,64.0,0.058268836884596435,-0.24352502947028146
2.0,65.0,0.0429150310875384,-0.11770514863215253
2.0,66.0,-0.0030925530559037795,-0.09077135711165267
2.0,67.0,0.06351938660478203,-0.045883024980689614
2.0,68.0,0.2951548364550102,0.1338176031862285
2.0,69.0,0.28954832351618104,0.14029563762564518
2.0,70.0,0.2921844904839442,0.16488257457290936
2.0,71.0,0.2300381572539141,0.03240411072827476
2.0,72.0,0.024173623323549692,-0.09887040935675323
2.0,73.0,-0.14349522996508463,-0.03448550809899753
2.0,74.0,-0.27846159290067674,0.037591680256534366
2.0,75.0,0.04653699360353941,0.10413796878725652
2.0,76.0,0.11111222808620402,0.16415712723757933
2.0,77.0,0.37750734280228065,-0.020540116198346448
2.0,78.0,0.4707664641900787,-0.2836362639263356
2.0,79.0,0.4667990228983166,-0.2778424589875654
2.0,80.0,0.488734781165716,-0.20146074833833177
2.0,81.0,0.8088134383753471,-0.0436552750489132
2.0,82.0,0.7329983548793491,-0.0970319866532387
2.0,83.0,0.6273699709373314,-0.2542622947959685
2.0,84.0,0.6158051970492376,-0.31096134691119803
2.0,85.0,0.7855335162288708,-0.4387747308499533
2.0,86.0,0.6840606699403416,-0.39000953732607396
2.0,87.0,0.8457308807476629,-0.6786521678992663
2.0,88.0,0.90503137135271,-0.7504554037221962
2.0,89.0,0.956537276190006,-0.8230482732473926
2.0,90.0,0.6631315272355245,-1.085090267091255
2.0,91.0,0.49646603359368274,-0.9500817908037005
2.0,92.0,0.3062774486809659,-0.7350749196820263
2.0,93.0,0.24980167849736543,-0.4490498032894345
2.0,94.0,0.2590350366670872,-0.6118767765743182
2.0,95.0,0.35797406814254407,-0.6992711587233991
2.0,96.0,0.43417374711144,-0.6400873291570232
2.0,97.0,0.5118252710025811,-0.5812779723499323
2.0,98.0,0.7527158067596436,-0.43664597716426656
2.0,99.0,0.7441134609946561,-0.3875582891400415
2.0,100.0,0.49054502992194776,-0.50865615229966
3.0,0.0,2.5765340377367076,-4.10623987183139
3.0,1.0,1.991340035811621,-4.646395416786491
3.0,2.0,1.968634723179411,-4.719484744202949
3.0,3.0,1.9518679541111692,-4.749623186210465
3.0,4.0,1.9460604905609313,-4.726273937928847
3.0,5.0,1.9307525359988884,-4.6240817639798815
3.0,6.0,1.966230827324986,-4.763749382011124
3.0,7.0,1.925797392008595,-4.743337967713474
3.0,8.0,1.847412072875216,-4.456839936707477
3.0,9.0,1.8577868717497301,-4.278443850209483
3.0,10.0,1.8244074304742555,-4.410088918149056
3.0,11.0,1.7253798383462917,-4.342979279024328
3.0,12.0,1.482707280016251,-4.1825442549198035
3.0,13.0,1.4730336567608544,-4.171030706853432
3.0,14.0,1.4303594199659084,-4.162305293841428
3.0,15.0,1.41874201138666,-4.1668263362483025
3.0,16.0,1.4038628079638076,-3.9788138415198087
3.0,17.0,1.2733493282209667,-3.981948848287776
3.0,18.0,0.98815172604521,-4.066884649105719
3.0,19.0,0.9481664709555148,-3.885083645902032
3.0,20.0,0.7814833031552803,-3.700988799848112
3.0,21.0,0.6642287859596052,-3.7663794757825313
3.0,22.0,0.5947072244497179,-3.897790514211834
3.0,23.0,0.44311826010862054,-4.08277075371404
3.0,24.0,0.7695925856507548,-4.109158825486145
3.0,25.0,0.6700823585742423,-3.735563858227312
3.0,26.0,0.6037644486958595,-3.7648354188517392
3.0,27.0,0.6557095849853012,-3.6428376610888695
3.0,28.0,0.9246325925608392,-3.673241998982917
3.0,29.0,1.0140934108444464,-3.6677468936172573
3.0,30.0,1.0437255449954939,-3.6753543865277196
3.0,31.0,1.1963858150368691,-3.6705598693819237
3.0,32.0,1.1818161679019787,-3.6344128902171673
3.0,33.0,1.1800551908110095,-3.499292962862613
3.0,34.0,1.3487037639887876,-3.434752989237882
3.0,35.0,1.041200072240151,-3.46343456028449
3.0,36.0,1.0028918013322081,-3.428491368702782
3.0,37.0,1.4245923965841425,-3.339359550317786
3.0,38.0,1.4001111139243199,-3.2760359181005616
3.0,39.0,1.1148350658018105,-3.0594339462518594
3.0,40.0,1.0491535148852207,-2.973381454627964
3.0,41.0,1.0561671245138258,-2.9757436212850132
3.0,42.0,1.1470680106120108,-2.8528573423509687
3.0,43.0,1.3594079074201808,-2.8151012796812704
3.0,44.0,1.53527510376813,-2.81129974748279
3.0,45.0,1.6853299057515718,-2.7940702914556725
3.0,46.0,1.6401024192562954,-2.6475895657499904
3.0,47.0,1.4446345814819206,-2.544985447995606
3.0,48.0,1.3751441317044995,-2.5925274711725903
3.0,49.0,1.2271382500205035,-2.5497091588056806
3.0,50.0,1.1186932025068754,-2.411805588544297
3.0,51.0,0.9329172386567346,-2.3328981539979794
3.0,52.0,0.895142875332804,-2.166610346334582
3.0,53.0,0.7670134086785751,-1.930027471020551
3.0,54.0,0.803984777663297,-1.751559554853807
3.0,55.0,0.55288280811843,-1.5075736544060958
3.0,56.0,0.8300188341365704,-1.3432326460636794
3.0,57.0,0.9453030280035344,-1.4310524724485119
3.0,58.0,0.9716134720761327,-1.5379724756673205
3.0,59.0,1.1252271180250173,-1.7367155755260222
3.0,60.0,1.1346906430429815,-1.741670045997668
3.0,61.0,1.1435583375728477,-1.7715961058504108
3.0,62.0,1.1608043095524354,-1.7982749811211431
3.0,63.0,1.1174877079254748,-1.9047255565968724
3.0,64.0,0.8854400741936694,-2.004991401462538
3.0,65.0,0.7600575459301364,-1.986400990686574
3.0,66.0,0.7197181967522015,-1.9515460938672418
3.0,67.0,0.7148160666163912,-1.8713707735561256
3.0,68.0,0.7986970119050446,-1.5904592493916931
3.0,69.0,0.7907534081719726,-1.587250343462338
3.0,70.0,0.7683666117207507,-1.5977526379441276
3.0,71.0,0.7044590396459256,-1.7293905213518803
3.0,72.0,0.6268151303838547,-1.4979069813140973
3.0,73.0,0.8045842424262828,-1.4722866246276034
3.0,74.0,0.9510907011630193,-1.4281629602996972
3.0,75.0,1.282802124325561,-1.4236884222862425
3.0,76.0,1.346940806706192,-1.4841738727024592
3.0,77.0,1.17003889989848,-1.755808083075926
3.0,78.0,1.1359658806303865,-2.032856591516755
3.0,79.0,1.1321164817929503,-2.038729486430036
3.0,80.0,1.0596939051452718,-2.006013838733862
3.0,81.0,0.7852316240934192,-1.7779275163008155
3.0,82.0,0.6925441751745951,-1.7803845551928328
3.0,83.0,0.5158954769312479,-1.8487509409521439
3.0,84.0,0.4596774483931166,-1.8624644296816428
3.0,85.0,0.4481407349232262,-2.074622077876877
3.0,86.0,0.41477585591832733,-1.9670973482454788
3.0,87.0,0.5246542719347331,-1.6550419702427566
3.0,88.0,0.6177551794345335,-1.657157125876791
3.0,89.0,0.7007726414048876,-1.6250528590729596
3.0,90.0,0.817781334789303,-2.0006349482754118
3.0,91.0,0.6040553446080947,-2.018686999721937
3.0,92.0,0.7288029155468232,-1.760157125228638
3.0,93.0,0.7024064128153087,-1.4698071562794892
3.0,94.0,0.5641167344396456,-1.3833557653886408
3.0,95.0,0.6959827328948683,-1.3771858033200208
3.0,96.0,0.6008245490746172,-1.3612472711060455
3.0,97.0,0.5304134660484127,-1.293937695280929
3.0,98.0,0.27685122840935383,-1.4149866766570005
3.0,99.0,0.32295806928239773,-1.396072113671516
3.0,100.0,0.5129152728453845,-1.1890023126066804
4.0,0.0,0.3139468186599004,-4.006840268190378
4.0,1.0,0.8669315443030942,-3.4337539519690234
4.0,2.0,0.9265446234808388,-3.3857553916274417
4.0,3.0,0.9226833685853942,-3.351483815324905
4.0,4.0,0.930037455388393,-3.3285746155244333
4.0,5.0,0.8461121287548476,-3.26829100714917
4.0,6.0,0.7783692688119274,-3.395478497134209
4.0,7.0,0.7332022889740678,-3.3988596888533307
4.0,8.0,0.5009916475711382,-3.584071994182093
4.0,9.0,0.331628873911223,-3.5270715465723868
4.0,10.0,0.321508790039492,-3.66250490625569
4.0,11.0,0.4357498810818166,-3.697989280049981
4.0,12.0,0.7259293239062465,-3.718611076479236
4.0,13.0,0.7408205789813187,-3.7165155340069522
4.0,14.0,0.7484672508552375,-3.6736348655476827
4.0,15.0,0.7590298804601728,-3.680255655709808
4.0,16.0,0.6915039323434388,-3.504158139544853
4.0,17.0,0.8076901680425261,-3.4446236512536426
4.0,18.0,1.0727859803683344,-3.3094349947964297
4.0,19.0,0.9041083985428302,-3.2307057195555426
4.0,20.0,0.6583536063612838,-3.194945785392535
4.0,21.0,0.5256264795801231,-3.2151465803860204
4.0,22.0,0.653297456576253,-3.138974208959798
4.0,23.0,0.8679957446981573,-3.033610324284717
4.0,24.0,1.1901376124479004,-2.9743951859099043
4.0,25.0,1.555658923613612,-3.1003700085438206
4.0,26.0,1.5849965278840086,-3.0340812884799933
4.0,27.0,1.5775204653141055,-2.901696022790237
4.0,28.0,1.5221691222635065,-2.636780495520235
4.0,29.0,1.4505915265432174,-2.5828353198151253
4.0,30.0,1.4301119510761078,-2.5601081486005772
4.0,31.0,1.446447678012231,-2.408248708758217
4.0,32.0,1.4182595466075696,-2.381335738496908
4.0,33.0,1.3225614085229498,-2.2859294379934716
4.0,34.0,1.1467338276614458,-2.3270683640705165
4.0,35.0,1.1193912881567523,-2.019442717398825
4.0,36.0,1.1307835193276055,-1.9688584577242765
4.0,37.0,0.9045347356357406,-1.601996956660996
4.0,38.0,0.8938700120309709,-1.534948621347684
4.0,39.0,1.186227848369167,-1.328004828561356
4.0,40.0,1.0790485240630123,-1.3432261914032728
4.0,41.0,1.072675964786809,-1.3469893070817247
4.0,42.0,0.994735710242734,-1.4784781863274459
4.0,43.0,0.7791353754752657,-1.4839779765941787
4.0,44.0,0.7853286881885757,-1.308178757949785
4.0,45.0,0.7498286333155874,-1.1613692083377278
4.0,46.0,0.8948634270527864,-1.1116999306748516
4.0,47.0,1.1136543486841743,-1.1411246345141906
4.0,48.0,1.0356514298317856,-1.1728218146496048
4.0,49.0,0.8817971663427352,-1.1645747246628781
4.0,50.0,0.8825383225831855,-0.9891404814020581
4.0,51.0,0.6816337495007647,-0.9697383040577385
4.0,52.0,0.5693136241168328,-1.098045462610039
4.0,53.0,0.43783787449353406,-1.3327852001449165
4.0,54.0,0.4408603368301735,-1.5150173157198832
4.0,55.0,0.1685243185302731,-1.294984563923365
4.0,56.0,0.29802069517764473,-0.9999540021584326
4.0,57.0,0.34909560861055483,-0.8643290764270664
4.0,58.0,0.4235463393745168,-0.7832043869403299
4.0,59.0,0.47535996900480676,-0.5374172437702888
4.0,60.0,0.4729567831755566,-0.5270090844089926
4.0,61.0,0.4718152541459533,-0.4958177077792327
4.0,62.0,0.44048569052686676,-0.5010754999650856
4.0,63.0,0.3866824422471323,-0.6026297390207349
4.0,64.0,0.23514619681230028,-0.8049564804235216
4.0,65.0,0.34607355632051645,-0.8662875710636668
4.0,66.0,0.39139889770613306,-0.8943542836011724
4.0,67.0,0.3357045965584425,-0.8364728730574681
4.0,68.0,0.2957457392178735,-0.5460411476710383
4.0,69.0,0.2881088654755261,-0.5421583552512748
4.0,70.0,0.26651150425136455,-0.5301158956651374
4.0,71.0,0.18871471478297008,-0.4061789372347224
4.0,72.0,0.01779241846492277,-0.23182649367488528
4.0,73.0,0.19365920343771467,-0.1953692061121728
4.0,74.0,0.08098751841714437,-0.2988879561042693
4.0,75.0,-0.20067698460435324,-0.12362359154431274
4.0,76.0,-0.1260402715168358,-0.17054502959844398
4.0,77.0,-0.23131364132260246,0.1360441849658645
4.0,78.0,-0.0788405069032998,0.36985776445107155
4.0,79.0,-0.07468241364943579,0.37551630017723503
4.0,80.0,-0.00439313545853634,0.4125940641857533
4.0,81.0,0.28261392365725846,0.6246786280250873
4.0,82.0,0.37163531392422516,0.6506052996613176
4.0,83.0,0.33865508813057654,0.4640817622740484
4.0,84.0,0.32602734964024355,0.4076099398626191
4.0,85.0,0.12180758666507638,0.3489733313677068
4.0,86.0,0.020661790083496487,0.39841329968479344
4.0,87.0,0.10501402376526733,0.7183141060601324
4.0,88.0,0.18893749189969986,0.7586762709789205
4.0,89.0,0.2777693683136802,0.753065507057484
4.0,90.0,0.375282622789962,1.1341745534715661
4.0,91.0,0.5610998721035839,1.2413035658719669
4.0,92.0,0.7551631466852905,1.4528197541868546
4.0,93.0,0.48472465540997633,1.3439028029719111
4.0,94.0,0.5253679540137755,1.185959773968384
4.0,95.0,0.619139604961672,1.0930426740404005
4.0,96.0,0.5416326813254321,1.0355814388852915
4.0,97.0,0.4770005755306972,1.1084579818275742
4.0,98.0,0.2823384922825645,1.3110742141343863
4.0,99.0,0.2977439777826642,1.3584690712892535
4.0,100.0,0.03199460362365564,1.449786713793842
5.0,0.0,1.256647586706654,-3.4892633741648025
5.0,1.0,0.8625004295472981,-2.7972604470481333
5.0,2.0,0.8873107819506802,-2.8696622938307708
5.0,3.0,0.8528256246156248,-2.8691888435116506
5.0,4.0,0.829018521336339,-2.8657051871489503
5.0,5.0,0.7353602201252742,-2.9093594710572543
5.0,6.0,0.5913044208463074,-2.905660907006375
5.0,7.0,0.5706197974927907,-2.865366554029336
5.0,8.0,0.38675685414811733,-2.6320860402897868
5.0,9.0,0.2849197405671954,-2.485245982992764
5.0,10.0,0.27431708643853236,-2.3498495475223065
5.0,11.0,0.3122646616907654,-2.2364028675418424
5.0,12.0,0.5194090283287081,-2.032146707546527
5.0,13.0,0.5235123900413394,-2.046614022384441
5.0,14.0,0.5667641863504365,-2.051762365253516
5.0,15.0,0.5698792195754492,-2.0396917159524626
5.0,16.0,0.606668436857871,-1.854714305547091
5.0,17.0,0.6957593700589771,-1.7592868342226542
5.0,18.0,0.9621054192617211,-1.8919953291334022
5.0,19.0,1.1292374388802042,-1.9739545470939341
5.0,20.0,1.0565699655280165,-1.736481118921124
5.0,21.0,1.1891023934707796,-1.7579221507420844
5.0,22.0,1.1649800031559232,-1.6112244383490875
5.0,23.0,0.9258818933223892,-1.6166093237082444
5.0,24.0,0.6771976974556553,-1.8297712018575916
5.0,25.0,0.6135291652947362,-2.211113309244675
5.0,26.0,0.6628013690121957,-2.157942458462954
5.0,27.0,0.5329901553732843,-2.1849757508427103
5.0,28.0,0.30787074033926376,-2.034758385864527
5.0,29.0,0.21900083696656958,-2.046402030718278
5.0,30.0,0.18841713096067905,-2.045644238085911
5.0,31.0,0.3372505523812793,-2.0799481462015317
5.0,32.0,0.37115571702980515,-2.060730484259222
5.0,33.0,0.5044186552416234,-2.038336621087182
5.0,34.0,0.5601489039971496,-1.8665754822809069
5.0,35.0,0.7965648737302726,-1.6678579888086684
5.0,36.0,0.8035688144739341,-1.6164819723035753
5.0,37.0,1.0699938694893947,-1.277669984404002
5.0,38.0,1.1215628473920185,-1.3218271595393198
5.0,39.0,0.7809940020086863,-1.2108690620637135
5.0,40.0,0.7167339735440619,-1.123749912692207
5.0,41.0,0.7229324354271739,-1.1197064461569497
5.0,42.0,0.5994516303529951,-1.0296148293331646
5.0,43.0,0.4357214156224306,-0.8892361670332776
5.0,44.0,0.5203802097908518,-0.7350395037480655
5.0,45.0,0.5798853288539931,-0.5962142950914182
5.0,46.0,0.6321034711579234,-0.4520775747448311
5.0,47.0,0.502746056802843,-0.6309684351477958
5.0,48.0,0.4695238417774355,-0.553602738570858
5.0,49.0,0.3591879048267583,-0.446061444621866
5.0,50.0,0.2570490208889126,-0.3034242425706457
5.0,51.0,0.12606605051509767,-0.14985812181745833
5.0,52.0,-0.04343959521833454,-0.13124700775839326
5.0,53.0,0.018900466107899305,-0.39297651291742736
5.0,54.0,-0.15796961021500783,-0.4369612298885911
5.0,55.0,-0.508053746538015,-0.44169580712061
5.0,56.0,-0.8238544067095654,-0.5055885842972405
5.0,57.0,-0.7072110803312621,-0.41958217945886545
5.0,58.0,-0.6030526832681053,-0.45529149024528565
5.0,59.0,-0.3808548336302058,-0.5724413412031445
5.0,60.0,-0.3703218303465099,-0.574219240313245
5.0,61.0,-0.3475172686144025,-0.5529082800159832
5.0,62.0,-0.31772098585338066,-0.5639249704835074
5.0,63.0,-0.315135409469889,-0.4490277651633263
5.0,64.0,-0.07038493833272103,-0.3858094858029224
5.0,65.0,-0.1557822900590331,-0.2921415933065751
5.0,66.0,-0.17928770292925023,-0.24429159340912165
5.0,67.0,-0.16651263515175313,-0.1649889420654317
5.0,68.0,0.12657512029852608,-0.1718347434078512
5.0,69.0,0.1293020000678828,-0.1637130413537864
5.0,70.0,0.10982232065574672,-0.14848120184796598
5.0,71.0,-0.029788333163439276,-0.19231698012041717
5.0,72.0,0.15401965671239748,-0.031606592118505916
5.0,73.0,0.24213700391832804,0.12489769853988472
5.0,74.0,0.3110739727860544,0.26149467701536533
5.0,75.0,0.3317620096806001,0.5925905768335336
5.0,76.0,0.2674738243669075,0.5322640526617533
5.0,77.0,0.47061005924417776,0.27964754695140237
5.0,78.0,0.3574342575705616,0.024484688002717914
5.0,79.0,0.35821374291803254,0.017506065741470657
5.0,80.0,0.3150296961394058,-0.04920586209973627
5.0,81.0,0.05149681163346592,-0.28983697601727787
5.0,82.0,-0.018055176456570204,-0.2285220416218145
5.0,83.0,-0.16618100778957187,-0.3465790760787549
5.0,84.0,-0.15984324872743486,-0.40409741503181007
5.0,85.0,0.04893286006757133,-0.3646449139471534
5.0,86.0,0.08649431981498928,-0.2585133004902763
5.0,87.0,0.28914675356153097,0.0029896944128408043
5.0,88.0,0.21116427293047962,-0.04791203026589942
5.0,89.0,0.2589312923655373,-0.1230179208025384
5.0,90.0,0.6515452130846928,-0.09837549164590358
5.0,91.0,0.8009518868582216,0.055515122987661134
5.0,92.0,0.514899492837594,0.0315634980803296
5.0,93.0,0.2930535564422944,0.2207307794217901
5.0,94.0,0.16382924748191244,0.12123728161455481
5.0,95.0,0.051831139069908896,0.0513578590879331
5.0,96.0,0.08431441657152139,-0.039493411898541664
5.0,97.0,0.10768358972596342,0.05506969590126515
5.0,98.0,-0.05252394670397062,0.28589475849144924
5.0,99.0,-0.05651399259618622,0.3355705171872363
5.0,100.0,-0.33007393497925935,0.27133190246158806
6.0,0.0,2.418488227640232,-2.2177481934050327
6.0,1.0,1.6328888712181384,-2.0871584395036153
6.0,2.0,1.6136768631495286,-2.0130741648571817
6.0,3.0,1.5805968743250742,-2.0033189318511395
6.0,4.0,1.5565667643394707,-2.00210738643979
6.0,5.0,1.5589620715505983,-2.105411967135196
6.0,6.0,1.467832878047555,-2.2170418142793418
6.0,7.0,1.43055993446222,-2.242775376053793
6.0,8.0,1.1904564528608217,-2.0679162952234234
6.0,9.0,1.2979531359091934,-1.925167343342562
6.0,10.0,1.2090931120805748,-1.8224614176232774
6.0,11.0,1.268463506112938,-1.7186090032143884
6.0,12.0,1.0163425793307503,-1.5734731847395647
6.0,13.0,1.0150813051877214,-1.5584881934649548
6.0,14.0,0.9842059913746096,-1.5277646143244472
6.0,15.0,0.9835335069392774,-1.515316651791318
6.0,16.0,0.8732130657040252,-1.362347736275159
6.0,17.0,0.8476268866747005,-1.234328424822943
6.0,18.0,0.5781214747537338,-1.1081595083153635
6.0,19.0,0.4796615777273756,-0.9501845923697806
6.0,20.0,0.23278388391052376,-0.9771214642596353
6.0,21.0,0.1028419291694174,-0.9433627513100666
6.0,22.0,0.05397026074323105,-0.8029573790443246
6.0,23.0,-0.16801468175172657,-0.8919494484764392
6.0,24.0,-0.35568856872378907,-0.6235089006472433
6.0,25.0,-0.11595688999828718,-0.3201869478159316
6.0,26.0,-0.12529380661943007,-0.24830015194884175
6.0,27.0,-0.25631665865078124,-0.2279344374053466
6.0,28.0,-0.059027479594431526,-0.04267519311907661
6.0,29.0,0.01997251290585289,-0.08501235617834749
6.0,30.0,0.01980820727586625,-0.11560500768795628
6.0,31.0,-0.0214895301000869,0.031441387478310046
6.0,32.0,-0.006800981746056785,-0.0046574389239964625
6.0,33.0,0.0864214901715735,0.09316927796960878
6.0,34.0,0.1433589635514703,-0.07819546039711245
6.0,35.0,0.4485785749046107,-0.12533505948514065
6.0,36.0,0.4789375074525749,-0.16736939631136494
6.0,37.0,0.732474520964005,-0.5159305184465747
6.0,38.0,0.761208982304697,-0.4544199800867723
6.0,39.0,0.608973919751361,-0.13019270860807008
6.0,40.0,0.6066438058504192,-0.021963008365032302
6.0,41.0,0.6107118162949439,-0.015780626755864464
6.0,42.0,0.606348195483989,-0.16857122678449601
6.0,43.0,0.6482605877325058,-0.3801299737575979
6.0,44.0,0.7550125793229147,-0.5199431873313709
6.0,45.0,0.7130489342030478,-0.6650374678579793
6.0,46.0,0.7679001816477576,-0.8081928701021943
6.0,47.0,0.8891615536569164,-0.9926676928905666
6.0,48.0,0.9111087502555859,-1.073954144033968
6.0,49.0,0.7703584778560462,-1.1366319687127382
6.0,50.0,0.6135982380012331,-1.2153971273917559
6.0,51.0,0.6978212496259142,-1.0319698222161113
6.0,52.0,0.6059021107458389,-0.8883404052794239
6.0,53.0,0.44617228053760083,-0.6718340578930276
6.0,54.0,0.2646589779234034,-0.655384127814417
6.0,55.0,-0.004320575201695875,-0.43126068252764277
6.0,56.0,-0.04370237724052555,-0.11147729082584723
6.0,57.0,0.08814963492727898,-0.05132902277830512
6.0,58.0,0.162917826861084,0.02950317396629079
6.0,59.0,-0.029845074959173296,0.19055731282955932
6.0,60.0,-0.04052354846757396,0.19083169750556986
6.0,61.0,-0.03873555233970368,0.15967069408090964
6.0,62.0,-0.06499358876538619,0.14179049670225805
6.0,63.0,-0.1769807218975502,0.11596541183382646
6.0,64.0,0.04840792432919591,0.0015132291581323454
6.0,65.0,-0.06662094201024485,-0.0517290630092585
6.0,66.0,-0.11939090449733386,-0.05930916746083972
6.0,67.0,-0.046460105361340126,-0.02564596196516785
6.0,68.0,0.10087760007828894,-0.2790998985033239
6.0,69.0,0.09555586070088533,-0.2723859572218917
6.0,70.0,0.07115618523203912,-0.26837065128763776
6.0,71.0,0.01178531928646099,-0.40211597043355884
6.0,72.0,0.18674146208851433,-0.23181167204462186
6.0,73.0,0.289591241624761,-0.08456975300509703
6.0,74.0,0.2599152607117552,0.06553146738351845
6.0,75.0,0.06774088530348199,-0.2048784051866092
6.0,76.0,0.01655012404481189,-0.27665421065985984
6.0,77.0,-0.2731285772813644,-0.13116991983984988
6.0,78.0,-0.5521822923191413,-0.12439712167755623
6.0,79.0,-0.5534016183937606,-0.1313124676555859
6.0,80.0,-0.5744368922176392,-0.20794705819813053
6.0,81.0,-0.9067769936443073,-0.33795848533024775
6.0,82.0,-0.8186423181575687,-0.3091612770620184
6.0,83.0,-0.6297994914315628,-0.2944265532101183
6.0,84.0,-0.6158079991459213,-0.2382770683552322
6.0,85.0,-0.5188963965120393,-0.049194798640825516
6.0,86.0,-0.623877321815116,-0.008528006834405688
6.0,87.0,-0.812144335381016,0.2635149251628682
6.0,88.0,-0.7741526996889838,0.348537795486602
6.0,89.0,-0.7462259546486824,0.43305217207700686
6.0,90.0,-0.37552422514826,0.3013966830057085
6.0,91.0,-0.1618832446784761,0.3204284171430741
6.0,92.0,-0.24111287852118535,0.04452568504028365
6.0,93.0,0.048002317243217574,0.006945325763960293
6.0,94.0,-0.0018296281990842628,-0.14834361571495522
6.0,95.0,-0.11060482166037448,-0.2231411241492601
6.0,96.0,-0.12828401520660954,-0.12829091132578038
6.0,97.0,-0.18409720143507516,-0.048458663119264264
6.0,98.0,-0.41740207739828494,0.10811559753842594
6.0,99.0,-0.3676681806837081,0.1049311060864276
6.0,100.0,-0.09752640665776335,0.02756791312869117
7.0,0.0,-1.135781590579926,-0.10810193946592417
7.0,1.0,-0.35100323529366984,-0.2435381447769076
7.0,2.0,-0.29471923919227955,-0.29540039296164405
7.0,3.0,-0.3275898460585388,-0.28496135872125433
7.0,4.0,-0.3353288573041409,-0.26217931023687946
7.0,5.0,-0.42265989980655716,-0.20694469333107915
7.0,6.0,-0.2893135942594952,-0.26157541251809013
7.0,7.0,-0.2466097426834828,-0.24648006271462514
7.0,8.0,0.04205525331635368,-0.17649506353359318
7.0,9.0,0.2204509019673662,-0.16611273855933845
7.0,10.0,0.3226666164032189,-0.2555362183342056
7.0,11.0,0.2616245267547562,-0.3584149379873132
7.0,12.0,0.5359238385396776,-0.45531310659841084
7.0,13.0,0.5228864333731565,-0.4478186524830013
7.0,14.0,0.5140991479614094,-0.40515711320751724
7.0,15.0,0.501643128744224,-0.4046555239302598
7.0,16.0,0.33896030528599624,-0.5000724397271435
7.0,17.0,0.2695938994399337,-0.6106703529173096
7.0,18.0,0.3170173423076516,-0.3168970055660586
7.0,19.0,0.13093103707624695,-0.3216206054411029
7.0,20.0,-0.08202941978211079,-0.4493783237449973
7.0,21.0,-0.19371813275673558,-0.5238779458649987
7.0,22.0,-0.2997931889197488,-0.6280421959504012
7.0,23.0,-0.39808829958997183,-0.8460673649897316
7.0,24.0,-0.360102833010528,-0.520738423918109
7.0,25.0,-0.09080086315497687,-0.24333630805403061
7.0,26.0,-0.025621465501138765,-0.21161036356833146
7.0,27.0,-0.011665564384883706,-0.07975065437962672
7.0,28.0,0.16082040655332824,0.12879813510559324
7.0,29.0,0.08283324685416629,0.17297320854084283
7.0,30.0,0.09207034207620263,0.14380793133339204
7.0,31.0,0.1305228551038954,-0.004008000438599557
7.0,32.0,0.12000929694609072,-0.0415359075909442
7.0,33.0,0.13035926017474367,-0.17627036520955225
7.0,34.0,0.20235266366519522,-0.010666321526306671
7.0,35.0,-0.10639124079729373,-0.0030273154391522753
7.0,36.0,-0.15794143197423277,0.0025519360781528734
7.0,37.0,-0.47585236335655146,-0.2884953329213661
7.0,38.0,-0.5119954113971663,-0.23102450835632055
7.0,39.0,-0.7631967597594582,-0.48636099306249925
7.0,40.0,-0.866714369094207,-0.45468762880943137
7.0,41.0,-0.8651286275739326,-0.4474587993627632
7.0,42.0,-0.9213270305092123,-0.30531187484022915
7.0,43.0,-0.7138046262687008,-0.24659046662261075
7.0,44.0,-0.7010320293432428,-0.07114650643553574
7.0,45.0,-0.6391822324187452,0.06665008413795656
7.0,46.0,-0.7564203589981259,0.16542938467253654
7.0,47.0,-0.9763042193683513,0.1457731252869845
7.0,48.0,-0.9921686687327147,0.06308403396052978
7.0,49.0,-1.070714960018486,-0.06946644326327384
7.0,50.0,-1.0957181422633169,-0.2431113795519578
7.0,51.0,-0.894636825592151,-0.22563579495742972
7.0,52.0,-0.8815621912336001,-0.39565812125141253
7.0,53.0,-0.752530626611071,-0.63175020593028
7.0,54.0,-0.6015261149777215,-0.7338056648331628
7.0,55.0,-0.25984868439153697,-0.6573998263480386
7.0,56.0,-0.27429141199690077,-0.9792751928479415
7.0,57.0,-0.40834601724549324,-1.0343399735472407
7.0,58.0,-0.43302368269698943,-0.9270313560765483
7.0,59.0,-0.21664931306708807,-1.0546170297645372
7.0,60.0,-0.21035403868154093,-1.0459871627997042
7.0,61.0,-0.1837650468592318,-1.0296399740977242
7.0,62.0,-0.1682704541034591,-1.0573726899864497
7.0,63.0,-0.10633780470566148,-1.154183846028469
7.0,64.0,-0.31253808480920053,-1.007962136106933
7.0,65.0,-0.40896383069222075,-0.9256915016285365
7.0,66.0,-0.38483655781603404,-0.8781520272104943
7.0,67.0,-0.3836315265199939,-0.7978360215426695
7.0,68.0,-0.428841971829146,-0.5081753355221972
7.0,69.0,-0.42081729169563803,-0.5051749311683793
7.0,70.0,-0.3972070897464758,-0.49782474690875383
7.0,71.0,-0.26981994508394425,-0.4258162370554082
7.0,72.0,-0.27017109623617575,-0.1816583319063247
7.0,73.0,-0.14415221812219683,-0.05368371632967739
7.0,74.0,-0.0713503505219303,-0.1882605653016089
7.0,75.0,-0.16895819699572068,-0.5053176548828096
7.0,76.0,-0.14825153667925375,-0.5910118466819888
7.0,77.0,-0.41550209628549595,-0.7744691094642827
7.0,78.0,-0.6649737103019352,-0.8996919527132872
7.0,79.0,-0.6705233663568321,-0.8953896180279746
7.0,80.0,-0.7494070277775142,-0.9050182821791543
7.0,81.0,-0.8612902094076693,-1.2438915149219185
7.0,82.0,-0.7759695120885939,-1.2075958011779622
7.0,83.0,-0.6092199776004761,-1.117744156558311
7.0,84.0,-0.5743494198981045,-1.0715643913859563
7.0,85.0,-0.7867437550753412,-1.0658538896532965
7.0,86.0,-0.7450101058848441,-1.1704152838605344
7.0,87.0,-0.5898071555711834,-0.8782443245565141
7.0,88.0,-0.6703624242569167,-0.8315206523162902
7.0,89.0,-0.7322728181080861,-0.8954713057312779
7.0,90.0,-0.6480248749974714,-1.2797306246018
7.0,91.0,-0.45370213925510766,-1.1889377294283923
7.0,92.0,-0.30322443189841886,-0.9444870962745617
7.0,93.0,-0.11890006888954899,-0.7186012644333395
7.0,94.0,-0.08465949470072395,-0.5591476310115007
7.0,95.0,-0.10094535507022516,-0.4281457961673042
7.0,96.0,-0.14509402493078133,-0.34235528558106126
7.0,97.0,-0.21331153671945474,-0.2728234892858239
7.0,98.0,-0.34658741239803226,-0.02546907713431326
7.0,99.0,-0.3492030705946095,0.02429797823791796
7.0,100.0,-0.07762408221708506,-0.04785806634838832
8.0,0.0,4.3037990567938635,0.9724654752145456
8.0,1.0,4.154789778925,1.7547801610947484
8.0,2.0,4.094359282596805,1.7078148960849082
8.0,3.0,4.06781054054558,1.685800933989781
8.0,4.0,4.054330311078776,1.665871121102393
8.0,5.0,4.039608025667897,1.5635929308487033
8.0,6.0,3.9120207717845537,1.6305798350050218
8.0,7.0,3.867978259955096,1.620008852228233
8.0,8.0,4.051493718819962,1.3864548833397288
8.0,9.0,4.1050423672691725,1.215969275798361
8.0,10.0,4.217850789958308,1.1403460598983004
8.0,11.0,4.3149748002466,1.070509863755946
8.0,12.0,4.600109672972149,1.128194106679391
8.0,13.0,4.585459128423267,1.1315856137758358
8.0,14.0,4.546825433497482,1.1517017996628909
8.0,15.0,4.534359451094329,1.151759151788045
8.0,16.0,4.517734278765495,1.3396253076372746
8.0,17.0,4.4277586528308746,1.2450315266593828
8.0,18.0,4.133319682228012,1.2019333232430771
8.0,19.0,3.9834505652114007,1.091526470398173
8.0,20.0,4.163480378472197,1.2625921218563787
8.0,21.0,4.212473228762329,1.1375950702015503
8.0,22.0,4.287853052498954,1.009454558616509
8.0,23.0,4.2896562442089134,0.7703026160863319
8.0,24.0,3.973311907631236,0.6854022257146111
8.0,25.0,3.5878608505321234,0.6553528091624655
8.0,26.0,3.5189080679691984,0.6329831151802767
8.0,27.0,3.4080343667924917,0.5602591681567908
8.0,28.0,3.2409591025978317,0.773167279464305
8.0,29.0,3.203327257908598,0.8545139355494673
8.0,30.0,3.225651347636183,0.8754321654115551
8.0,31.0,3.134041119750651,0.7532204164242837
8.0,32.0,3.098412130904845,0.737426307579592
8.0,33.0,3.0524699126112327,0.6103444112021889
8.0,34.0,2.9879258567926956,0.4416974002921972
8.0,35.0,2.771591015970837,0.22128780521221136
8.0,36.0,2.7921493595640645,0.17368628457919882
8.0,37.0,2.3632578517033656,0.21644078807798428
8.0,38.0,2.4306774095954626,0.22442945576957285
8.0,39.0,2.6563055414295866,0.5026214469666335
8.0,40.0,2.700072473068386,0.6016343407755402
8.0,41.0,2.704724466992655,0.6073901642497879
8.0,42.0,2.726735999663526,0.7586498782293212
8.0,43.0,2.8030686715942226,0.9603602528775854
8.0,44.0,2.6280432129588993,0.9427587976014195
8.0,45.0,2.5110888134178246,0.8471817805875635
8.0,46.0,2.3668495515473498,0.7952475541756459
8.0,47.0,2.206694602576452,0.9471872557169944
8.0,48.0,2.190892149381686,1.0298882173260133
8.0,49.0,2.0625416415605917,1.1151249232048452
8.0,50.0,2.2379058225093695,1.120137613224543
8.0,51.0,2.4297006319090353,1.0572580214759
8.0,52.0,2.412828522260868,0.8875704573527516
8.0,53.0,2.6087994975782998,0.7032229758128995
8.0,54.0,2.640671267253742,0.523774182216342
8.0,55.0,2.3553314435313113,0.32088873738442714
8.0,56.0,2.276243434301757,0.008546888225151872
8.0,57.0,2.411372949834762,-0.04382468129145847
8.0,58.0,2.521151759732838,-0.03529593853713407
8.0,59.0,2.2699853385702315,-0.03191942502118578
8.0,60.0,2.2593741234074276,-0.03314710420921564
8.0,61.0,2.2536433275970293,-0.002465464031994224
8.0,62.0,2.2229743154507062,0.005816904542313527
8.0,63.0,2.145627571628478,0.09082004692964728
8.0,64.0,2.070263254620235,0.3321073522091351
8.0,65.0,1.9890351995239173,0.4294129781094104
8.0,66.0,1.9576867632911088,0.47253376741275227
8.0,67.0,1.8961564104507085,0.42089920005527026
8.0,68.0,1.6667165333937695,0.6033947896101941
8.0,69.0,1.6585364180651079,0.6059410870675472
8.0,70.0,1.6464436685338044,0.5843718438378038
8.0,71.0,1.780855750614833,0.5265263400608038
8.0,72.0,2.009595219698684,0.4411362865583117
8.0,73.0,1.8309234633155713,0.42284248039146655
8.0,74.0,1.7917346853561948,0.2749395396250589
8.0,75.0,1.5989776650152083,0.5449343930134467
8.0,76.0,1.5249110703890938,0.49711807937398994
8.0,77.0,1.2379783320373972,0.6479459035292764
8.0,78.0,1.0094304124034879,0.48768768969190657
8.0,79.0,1.0084230329674353,0.48073830462962114
8.0,80.0,0.9349276927214992,0.4505095406025705
8.0,81.0,0.5979314538704623,0.333093829552163
8.0,82.0,0.5116275365797973,0.2992023249015494
8.0,83.0,0.37845763487413425,0.1645007934604997
8.0,84.0,0.3892866651316793,0.10765663272670559
8.0,85.0,0.24953619382833303,0.2676996557421175
8.0,86.0,0.36047003295183183,0.28689512319249644
8.0,87.0,0.5700407544011376,0.030903056991386124
8.0,88.0,0.6631460625751079,0.032814718695920064
8.0,89.0,0.6019497890110654,-0.03181963007379873
8.0,90.0,0.5403217607349908,0.35670955311326946
8.0,91.0,0.5028158005526896,0.14552721864570659
8.0,92.0,0.30001692145078995,-0.05762855187447091
8.0,93.0,0.07998335143383808,-0.24890089146078354
8.0,94.0,0.17228042593110912,-0.38335954001658223
8.0,95.0,0.15020595339527693,-0.5135110964528609
8.0,96.0,0.0952574454957749,-0.4342029743169598
8.0,97.0,0.00437676556239279,-0.399145854847067
8.0,98.0,-0.15096741435297767,-0.1650201407208052
8.0,99.0,-0.10302004659730907,-0.15143149128361968
8.0,100.0,0.06730457801444581,0.072066079059696
9.0,0.0,-4.54636888829855,-3.305973956954328
9.0,1.0,-3.8473470461825436,-3.6875345640399995
9.0,2.0,-3.883956923193823,-3.7547454107028373
9.0,3.0,-3.8513600154810796,-3.7434807829151526
9.0,4.0,-3.836143251705928,-3.762118490081411
9.0,5.0,-3.7365632689040864,-3.7345249960207765
9.0,6.0,-3.7109321124808337,-3.592719507754817
9.0,7.0,-3.7075196391400196,-3.5475548805470862
9.0,8.0,-3.508262124654717,-3.327278184214737
9.0,9.0,-3.586139798699218,-3.4881130934070668
9.0,10.0,-3.549821934800088,-3.618977999988175
9.0,11.0,-3.6171572683951423,-3.7178522661839675
9.0,12.0,-3.8332810811712736,-3.912582502862748
9.0,13.0,-3.847587517229065,-3.917215715925877
9.0,14.0,-3.887259880424813,-3.935197009447919
9.0,15.0,-3.8900034579090805,-3.923036549377273
9.0,16.0,-3.973925562024531,-3.754136669835084
9.0,17.0,-3.9226142949681204,-3.634091884296162
9.0,18.0,-3.7391771200595225,-3.3997789196336425
9.0,19.0,-3.8547653415657033,-3.2538687128642287
9.0,20.0,-3.860202584923324,-3.0055853522533984
9.0,21.0,-3.992426069978957,-3.0288557691317877
9.0,22.0,-4.137706850063592,-3.0604089539764376
9.0,23.0,-4.3763672115239824,-3.0758405768300263
9.0,24.0,-4.2943532292685465,-2.7587356694497616
9.0,25.0,-3.9919560138893977,-2.517838577344264
9.0,26.0,-3.9759121300955416,-2.4471456977534873
9.0,27.0,-3.996503782288049,-2.3161581642120113
9.0,28.0,-4.136867105801548,-2.084766407274792
9.0,29.0,-4.193329246795898,-2.015157062892831
9.0,30.0,-4.223455594581019,-2.020480641750927
9.0,31.0,-4.098857208364782,-1.9321438566833435
9.0,32.0,-4.061112817948988,-1.9418515707558044
9.0,33.0,-4.008516201321978,-2.0663268362827605
9.0,34.0,-3.828157698307313,-2.057463438475469
9.0,35.0,-3.549644358463447,-1.9240038098016354
9.0,36.0,-3.503139829242276,-1.9010717575648735
9.0,37.0,-3.4088629775194996,-1.4804915056346464
9.0,38.0,-3.4399548228856247,-1.4201382725018523
9.0,39.0,-3.4148982382483735,-1.0628274758451344
9.0,40.0,-3.358177952341338,-1.1550332598942565
9.0,41.0,-3.3512663142356076,-1.1523875444837204
9.0,42.0,-3.201913056300235,-1.1849085067662397
9.0,43.0,-3.086851845481106,-1.0024950483547004
9.0,44.0,-3.096624644808395,-0.8268584496867328
9.0,45.0,-3.1838379896161544,-0.7035412560731774
9.0,46.0,-3.21968223814575,-0.5544865064497845
9.0,47.0,-3.4352687002704334,-0.6020023767765215
9.0,48.0,-3.353861120273115,-0.5805088313033008
9.0,49.0,-3.402347865925394,-0.7267558291632861
9.0,50.0,-3.577644172237385,-0.719760972878715
9.0,51.0,-3.7692588855276696,-0.656334687934599
9.0,52.0,-3.9331012324605448,-0.7036022545480254
9.0,53.0,-4.116249188936465,-0.9006947281629403
9.0,54.0,-4.284374325569116,-0.9710624598142927
9.0,55.0,-4.200253762133009,-0.6312021215372534
9.0,56.0,-3.982994975109626,-0.3932715362791621
9.0,57.0,-3.9073063724793404,-0.26968350007139424
9.0,58.0,-3.8048835846473126,-0.3101025437058347
9.0,59.0,-3.7363417448364213,-0.0684457867994877
9.0,60.0,-3.740952961289432,-0.058810343569229595
9.0,61.0,-3.71035671183515,-0.052639882977320945
9.0,62.0,-3.7048549703697824,-0.08392752871937487
9.0,63.0,-3.647624403891463,-0.18359053718386664
9.0,64.0,-3.777890489120427,-0.4002240779994015
9.0,65.0,-3.6629326592853184,-0.3468285807531269
9.0,66.0,-3.6955619637823136,-0.30466870157365067
9.0,67.0,-3.6178531052659837,-0.2843353256870083
9.0,68.0,-3.3938870817962923,-0.47350857358976073
9.0,69.0,-3.3860113759352344,-0.47688069083588724
9.0,70.0,-3.3774458296678374,-0.5000776359337175
9.0,71.0,-3.4370295205615293,-0.6337282771445141
9.0,72.0,-3.6645434826406595,-0.5451246484774178
9.0,73.0,-3.7817759491511036,-0.6811937804250208
9.0,74.0,-3.6382262221647417,-0.6282360983813192
9.0,75.0,-3.3067715951946774,-0.6420317501269978
9.0,76.0,-3.2697991417277352,-0.5619986446380136
9.0,77.0,-3.102366894824798,-0.28442726359440684
9.0,78.0,-3.107928930751136,-0.005346790562547998
9.0,79.0,-3.10208890255542,-0.0014477090366832607
9.0,80.0,-3.0402365532572815,-0.05134390226592774
9.0,81.0,-2.734330642079707,-0.23512226798898006
9.0,82.0,-2.661194090049135,-0.29211389004236543
9.0,83.0,-2.565634759852891,-0.128568362114191
9.0,84.0,-2.510736988646059,-0.11027188096697219
9.0,85.0,-2.3024362682529222,-0.152161895637766
9.0,86.0,-2.2136294844519644,-0.2213582668160785
9.0,87.0,-2.1289622175383696,-0.5411758385035613
9.0,88.0,-2.1573369617703193,-0.6298726634208829
9.0,89.0,-2.071450508396864,-0.606503879414434
9.0,90.0,-2.0750669727089757,-0.9998737578279778
9.0,91.0,-2.2814667095445933,-0.9415314569258563
9.0,92.0,-2.154515218560292,-0.6840766620637353
9.0,93.0,-1.94635062024787,-0.8882025541858629
9.0,94.0,-1.8406704332727282,-1.0124183994436466
9.0,95.0,-1.7616228268807992,-0.9066914591482438
9.0,96.0,-1.6838728918269914,-0.8495594684929786
9.0,97.0,-1.5871228235330832,-0.8608609682078082
9.0,98.0,-1.3080356218829785,-0.8933724757678224
9.0,99.0,-1.2836421965999731,-0.8499148841273911
9.0,100.0,-1.0279897941926002,-0.7332808803298742
10.0,0.0,3.2236319899575943,1.2237299992810957
10.0,1.0,2.465489141061372,1.4675320774148979
10.0,2.0,2.522597332009088,1.5184853455200522
10.0,3.0,2.521116028738226,1.4840287645485175
10.0,4.0,2.5159409190462876,1.460531269620752
10.0,5.0,2.455593160376756,1.3766520593666414
10.0,6.0,2.455824936832028,1.2325489748694134
10.0,7.0,2.4337405018280918,1.1930044903529606
10.0,8.0,2.4898991070144167,0.9013341437465887
10.0,9.0,2.321893049438386,0.8404509379567657
10.0,10.0,2.32656885541999,0.7047205145024044
10.0,11.0,2.2070516470008905,0.6996406958226482
10.0,12.0,1.9471144074846296,0.8302622830068966
10.0,13.0,1.93223277296492,0.8324250890513214
10.0,14.0,1.9054156198723837,0.8667480204277735
10.0,15.0,1.905281891488628,0.8792134174636217
10.0,16.0,1.8359890848520497,1.0546232114232414
10.0,17.0,1.7139225309296924,1.008326850059303
10.0,18.0,1.6497338587679313,0.717755728105492
10.0,19.0,1.8138154026285467,0.629848547768662
10.0,20.0,1.8941908455439949,0.39487199798617145
10.0,21.0,1.7751761678436098,0.3327425460827095
10.0,22.0,1.8789648538800077,0.22629999262461778
10.0,23.0,1.7427903005665788,0.029695328015183736
10.0,24.0,1.4631916921397374,0.2003014056789503
10.0,25.0,1.390037900645737,0.5799380841545686
10.0,26.0,1.4538757147261323,0.6142837232585906
10.0,27.0,1.3253878338858172,0.5815329284520295
10.0,28.0,1.059846161186584,0.5292679513991166
10.0,29.0,0.9921489701672782,0.588009116854425
10.0,30.0,0.979028526964223,0.6156458911394934
10.0,31.0,0.8331720302938412,0.6609672748651682
10.0,32.0,0.8007731847186866,0.682628150326927
10.0,33.0,0.7805161539242619,0.5490237023769853
10.0,34.0,0.6523639802072111,0.42180432570041093
10.0,35.0,0.34557101781286576,0.4572899732504263
10.0,36.0,0.31152903741207233,0.41817867273172316
10.0,37.0,0.6880950824996452,0.20847915730177366
10.0,38.0,0.6242914560788164,0.18527758723844054
10.0,39.0,0.45568579856923186,0.5013012732129303
10.0,40.0,0.3596807786398107,0.45127994182480524
10.0,41.0,0.35687209947942816,0.444432907962455
10.0,42.0,0.2811413894442179,0.31165915979944664
10.0,43.0,0.10380127444091955,0.18892271184921716
10.0,44.0,0.21552812423913575,0.05305206221320857
10.0,45.0,0.21281356930322393,-0.09796425791405508
10.0,46.0,0.2084886657435689,-0.25120727976870083
10.0,47.0,0.09609490955054362,-0.4412149747527928
10.0,48.0,0.07656714680330444,-0.5231163365248461
10.0,49.0,0.12182169715136631,-0.670395576609123
10.0,50.0,0.10214262409857677,-0.8447241660741109
10.0,51.0,-0.07994196438563927,-0.7576363103899577
10.0,52.0,-0.22895382777121234,-0.8405459122005241
10.0,53.0,-0.22195883108457828,-0.571585530102518
10.0,54.0,-0.3435852929015717,-0.4358479781451329
10.0,55.0,-0.5164640492437045,-0.13139066696310642
10.0,56.0,-0.58771129123462,0.18283246148038912
10.0,57.0,-0.467376398363366,0.10207182243213941
10.0,58.0,-0.42646085831805247,-0.00015363984809541043
10.0,59.0,-0.35233912904553777,0.2398504043111795
10.0,60.0,-0.3451131801904026,0.2477174715260325
10.0,61.0,-0.3642147572476144,0.22303276333427205
10.0,62.0,-0.3746653359336319,0.19303324099875202
10.0,63.0,-0.4881014305821788,0.1745858719042544
10.0,64.0,-0.6842249429724216,0.33406913702906305
10.0,65.0,-0.729870205373021,0.4523184151958035
10.0,66.0,-0.6768934169724847,0.4582838837566517
10.0,67.0,-0.5973179277746463,0.4473360809732984
10.0,68.0,-0.3044942030751898,0.46153339212856465
10.0,69.0,-0.2969970456989905,0.45738724345684195
10.0,70.0,-0.27432218391310526,0.4672522060883815
10.0,71.0,-0.14573290077493967,0.5370913525506973
10.0,72.0,0.08455864208246636,0.4559802482413852
10.0,73.0,0.21840224437037428,0.5757473138299387
10.0,74.0,0.33376084077044826,0.6762631555759323
10.0,75.0,0.6571665361923038,0.7501633985772826
10.0,76.0,0.6201736120782058,0.8301870441769719
10.0,77.0,0.6017398742223302,1.1538220642011994
10.0,78.0,0.35750343885319824,1.2889716491414123
10.0,79.0,0.3529012474760032,1.2942752894572491
10.0,80.0,0.28120085933539984,1.3285447737392726
10.0,81.0,0.14114539140553822,1.0003110458803497
10.0,82.0,0.07727282982765357,0.9331002126413857
10.0,83.0,-0.06856108610290662,0.8122234396152233
10.0,84.0,-0.08045188943738037,0.7555918644834196
10.0,85.0,-0.29074709452556763,0.7859215555853143
10.0,86.0,-0.40201440432987073,0.7687643879219118
10.0,87.0,-0.5075015521741703,1.0823314252303173
10.0,88.0,-0.41524547457849836,1.095022721748165
10.0,89.0,-0.4314785253364899,1.0075066032207802
10.0,90.0,-0.22922498764971488,0.6700952125559254
10.0,91.0,-0.021380352750015152,0.6171302884667087
10.0,92.0,0.16725705801898233,0.8334993706365105
10.0,93.0,0.35768005527119057,0.6127303466709367
10.0,94.0,0.19937232214578116,0.5735316252007058
10.0,95.0,0.06736228486026052,0.5732866019436862
10.0,96.0,-0.010088511893002639,0.6308234669902748
10.0,97.0,-0.10633428621295564,0.6158217825437583
10.0,98.0,-0.24508500020759572,0.37149637736720154
10.0,99.0,-0.20590270041857195,0.3407011041671288
10.0,100.0,0.07433967975172756,0.36133723885814817
11.0,0.0,-4.462361608658323,1.7686006386424848
11.0,1.0,-3.684068609524309,1.9373609424281244
11.0,2.0,-3.7230167435642376,1.8714775313239298
11.0,3.0,-3.7389416887403786,1.8408859254039212
11.0,4.0,-3.748289976762928,1.8187155952473488
11.0,5.0,-3.6607223669700706,1.8735743922124224
11.0,6.0,-3.7122711853285995,1.7390066694562583
11.0,7.0,-3.7218626787925126,1.6947405223656566
11.0,8.0,-4.008410886257081,1.6165388291308065
11.0,9.0,-4.186846250207278,1.6068630334814997
11.0,10.0,-4.307694454855943,1.6688333686901489
11.0,11.0,-4.327648333280728,1.5508841830129152
11.0,12.0,-4.089823571749169,1.3833468727553988
11.0,13.0,-4.083917912889714,1.3695170510139683
11.0,14.0,-4.120681380744047,1.3461574544938102
11.0,15.0,-4.131343612220417,1.3396982884109274
11.0,16.0,-4.037201010367183,1.1762747301800716
11.0,17.0,-3.920872721494304,1.1170182885899103
11.0,18.0,-3.66324554920733,0.9680887661747609
11.0,19.0,-3.495079441832326,0.8882728171370304
11.0,20.0,-3.5088479254222986,1.136233740734218
11.0,21.0,-3.3758775392557436,1.117701641428732
11.0,22.0,-3.260500113313979,1.0239457983100582
11.0,23.0,-3.023782374407389,0.9898633218265144
11.0,24.0,-2.7604134344942355,0.7951362896531073
11.0,25.0,-2.4101830451044886,0.631385994380537
11.0,26.0,-2.3409520346951456,0.6528791707332364
11.0,27.0,-2.2121630599392104,0.6213331715477364
11.0,28.0,-1.9422529681572718,0.6411460491911735
11.0,29.0,-1.898211304274142,0.5630834715155824
11.0,30.0,-1.8677406998082955,0.5658183547332629
11.0,31.0,-1.8341508778123,0.7148145603965089
11.0,32.0,-1.8543840467319173,0.7481236822078502
11.0,33.0,-1.907447787228354,0.8724005314322403
11.0,34.0,-1.9527657627490078,0.6976034189701327
11.0,35.0,-1.8427307388353205,0.40903203010932343
11.0,36.0,-1.8095176747828479,0.44884964724192783
11.0,37.0,-2.1940487439186374,0.643558994613179
11.0,38.0,-2.153971805811199,0.6983591280964561
11.0,39.0,-1.7957855379424297,0.6995571896075801
11.0,40.0,-1.6922594183996045,0.7312027267004124
11.0,41.0,-1.6893108871950469,0.7379907098378317
11.0,42.0,-1.5487184433226124,0.7979721517150273
11.0,43.0,-1.5996803668878843,1.0075351121621203
11.0,44.0,-1.6608022442659767,1.1724830994312034
11.0,45.0,-1.7000143737384674,1.318345043253137
11.0,46.0,-1.5467113292544163,1.3188973926577672
11.0,47.0,-1.328952242458786,1.2826170852958092
11.0,48.0,-1.2503756472648337,1.2523700149293264
11.0,49.0,-1.1014875136218694,1.2920118179574693
11.0,50.0,-1.0180621082687793,1.4463423877184274
11.0,51.0,-0.8371881347845693,1.3567672924789385
11.0,52.0,-0.7161166051743706,1.2366830627904646
11.0,53.0,-0.7208618229836901,0.967673583357316
11.0,54.0,-0.6208043300394778,0.8153378445065024
11.0,55.0,-0.5575251962354654,0.47098763040521024
11.0,56.0,-0.8727788675915221,0.5375268416768877
11.0,57.0,-0.995789881299069,0.6141496696621531
11.0,58.0,-1.1017968194509535,0.5843729065863944
11.0,59.0,-0.9575128792389213,0.789989337252929
11.0,60.0,-0.9656192595582719,0.7969457502321942
11.0,61.0,-0.9389707596639933,0.8131957507851051
11.0,62.0,-0.9115894482166189,0.797088307826836
11.0,63.0,-0.8409870567025126,0.7064055900239846
11.0,64.0,-1.082751868801908,0.6325874378004305
11.0,65.0,-1.1988652790771317,0.5817538099461024
11.0,66.0,-1.1555201533024784,0.6127913194461436
11.0,67.0,-1.1018698621364666,0.6725722455401802
11.0,68.0,-1.1903956221318055,0.9520547802505808
11.0,69.0,-1.1842630519085602,0.9580372128652027
11.0,70.0,-1.1608961755184597,0.9661276969360376
11.0,71.0,-1.1092249150491686,1.1030320100824347
11.0,72.0,-0.8724117701199088,1.043595149948054
11.0,73.0,-0.8173776366220675,0.8726287672196407
11.0,74.0,-0.8767188880760893,0.7315980752367558
11.0,75.0,-0.9668604723967186,0.412338017410664
11.0,76.0,-1.0358980084793634,0.4671657376004875
11.0,77.0,-0.8330318762484739,0.21433227211163952
11.0,78.0,-0.6000980625964728,0.0605184719217125
11.0,79.0,-0.5979959580756531,0.053818477693681616
11.0,80.0,-0.6111865951677418,-0.0245482901711081
11.0,81.0,-0.6816112617137893,-0.37439580058542554
11.0,82.0,-0.6643418508981029,-0.46549337287621473
11.0,83.0,-0.515756489881644,-0.5829715231190093
11.0,84.0,-0.45876281007551717,-0.5729591823335118
11.0,85.0,-0.2848515341904647,-0.4508984123644007
11.0,86.0,-0.17293692022210683,-0.4386549727484143
11.0,87.0,0.0762270841675198,-0.22101048243629481
11.0,88.0,0.16828843876952582,-0.23504472090819878
11.0,89.0,0.22969400188009986,-0.17060917359086714
11.0,90.0,0.3393129599581843,0.20719583443189882
11.0,91.0,0.25657423426068704,0.00930955721611948
11.0,92.0,0.018966983550223915,-0.15175703420012998
11.0,93.0,-0.12047156875087281,0.10428352890931342
11.0,94.0,-0.2810003350775693,0.1330653515381094
11.0,95.0,-0.34527374729512905,0.24837206627074176
11.0,96.0,-0.283024215584538,0.32208849970940423
11.0,97.0,-0.20271798397938703,0.26695948034518885
11.0,98.0,0.05633043278167124,0.375773918827865
11.0,99.0,0.03030891737852971,0.418276650555933
11.0,100.0,0.13046802761450627,0.6808214930785734
12.0,0.0,-4.188340304867219,2.1127016922046717
12.0,1.0,-4.699315757766489,1.501862827061641
12.0,2.0,-4.636585279315724,1.4580168685562713
12.0,3.0,-4.615262447575227,1.4309099122868068
12.0,4.0,-4.598895538022514,1.4132736343377246
12.0,5.0,-4.633970140046219,1.3160761745861027
12.0,6.0,-4.768406453935,1.3679667343242412
12.0,7.0,-4.793709144151866,1.4055335067821513
12.0,8.0,-4.940832124150416,1.6635649172389035
12.0,9.0,-5.095015749721196,1.573231038016677
12.0,10.0,-5.098827254521762,1.7089884814363037
12.0,11.0,-5.008931976953516,1.6300644246662563
12.0,12.0,-4.747179184212244,1.757008676280935
12.0,13.0,-4.74368637024144,1.742381953253224
12.0,14.0,-4.782342523669743,1.722308958449542
12.0,15.0,-4.794525499132115,1.7249507599987117
12.0,16.0,-4.946826118264762,1.8361919856317606
12.0,17.0,-5.064948463718528,1.8917861235108697
12.0,18.0,-4.843499128885729,2.090562265563928
12.0,19.0,-4.6622986520283565,2.133186350036392
12.0,20.0,-4.530716756735325,1.9225672730214376
12.0,21.0,-4.609311730133206,1.8137215452295876
12.0,22.0,-4.700130970817041,1.6960186393289582
12.0,23.0,-4.754284087711347,1.4630715572546564
12.0,24.0,-5.080781225864601,1.4369672597583347
12.0,25.0,-5.294789903044816,1.1149800380467858
12.0,26.0,-5.3666928301776515,1.1057681706054419
12.0,27.0,-5.445949655524636,1.2120701259929796
12.0,28.0,-5.670184157040531,1.0605349944354217
12.0,29.0,-5.6298392382062685,1.1405707471663675
12.0,30.0,-5.600593767662654,1.1315907819431046
12.0,31.0,-5.472280309010591,1.2144388463291367
12.0,32.0,-5.445078627476372,1.242348472662778
12.0,33.0,-5.331208039028077,1.3151082479170626
12.0,34.0,-5.5071647661784615,1.2745252514664986
12.0,35.0,-5.226751646520311,1.4039456334792488
12.0,36.0,-5.177520760161711,1.3876708036423837
12.0,37.0,-4.757050832842196,1.482438484337721
12.0,38.0,-4.785755076554063,1.4209138389443323
12.0,39.0,-5.076925063239349,1.2123020542943934
12.0,40.0,-5.100922650648307,1.1067406349971967
12.0,41.0,-5.104349337593874,1.1001810337962683
12.0,42.0,-4.970159797605769,1.026988301906607
12.0,43.0,-4.7838968044960986,0.9182691709192351
12.0,44.0,-4.647767629752168,1.0296808856618083
12.0,45.0,-4.529833010419991,1.1240457271879554
12.0,46.0,-4.376590034106207,1.1283722440822648
12.0,47.0,-4.541984023647126,1.2745916299655442
12.0,48.0,-4.578757965286938,1.1988496746547592
12.0,49.0,-4.693551836389915,1.0960804377976114
12.0,50.0,-4.547474147286601,1.193235117393115
12.0,51.0,-4.36824940831537,1.2860660654213687
12.0,52.0,-4.299876841387664,1.442282996622003
12.0,53.0,-4.300380698275917,1.7113338528651818
12.0,54.0,-4.468434054457703,1.6407948657620044
12.0,55.0,-4.817574676558138,1.666912766250233
12.0,56.0,-4.5571975778424765,1.4771336567451454
12.0,57.0,-4.47798198365648,1.3557760986798264
12.0,58.0,-4.40491316550245,1.2734045358126533
12.0,59.0,-4.163691685282836,1.343462864680917
12.0,60.0,-4.1549500193104985,1.3496019492582894
12.0,61.0,-4.14278159431284,1.3783445047755243
12.0,62.0,-4.122987769100969,1.403191847062254
12.0,63.0,-4.119318846249886,1.2883241318384562
12.0,64.0,-4.256237313268892,1.5008157254517591
12.0,65.0,-4.274990921561922,1.6261739479286528
12.0,66.0,-4.232362384943427,1.5941593451644254
12.0,67.0,-4.181498328840578,1.5319905373615992
12.0,68.0,-4.064829286668695,1.2630376939306405
12.0,69.0,-4.060020868356949,1.2559470641369765
12.0,70.0,-4.051085780758621,1.2328899382462486
12.0,71.0,-4.054411715911679,1.0865969162939704
12.0,72.0,-3.9936656078298225,0.8501162272159234
12.0,73.0,-3.885130819020579,0.7070132590732974
12.0,74.0,-3.7788837294995403,0.5969105970999866
12.0,75.0,-3.4489413506030395,0.6314144571024617
12.0,76.0,-3.3644756765477117,0.6566693614965627
12.0,77.0,-3.2092767186384084,0.3720771754806997
12.0,78.0,-3.0187486940132446,0.16807737522647176
12.0,79.0,-3.0223720306590924,0.1620623775022033
12.0,80.0,-2.944633565876547,0.17855705257393392
12.0,81.0,-2.6132001828685674,0.04625124457933505
12.0,82.0,-2.535098552590402,0.09622259212059345
12.0,83.0,-2.3633155149397096,0.176030569593781
12.0,84.0,-2.3103229964747634,0.19927534304052746
12.0,85.0,-2.099670018513871,0.17153933176228187
12.0,86.0,-1.9879104241049805,0.18512519540347813
12.0,87.0,-1.8078128715965986,-0.09239362707021778
12.0,88.0,-1.7216623762298322,-0.057033409187640535
12.0,89.0,-1.7349919887034877,0.030971729130033515
12.0,90.0,-1.7180251892337373,-0.36204871279755924
12.0,91.0,-1.6528095849748485,-0.5663807964298513
12.0,92.0,-1.5153566747906067,-0.8183854589710763
12.0,93.0,-1.3512700247008347,-0.5773969715125603
12.0,94.0,-1.2275931084598577,-0.4710865838670958
12.0,95.0,-1.3464332408033264,-0.5285646920919485
12.0,96.0,-1.3084428626824922,-0.43987507642393076
12.0,97.0,-1.2206511606315733,-0.39767416811992795
12.0,98.0,-0.9986082227908009,-0.5698473309640539
12.0,99.0,-0.9663539080501109,-0.6078376014136383
12.0,100.0,-0.733265528953453,-0.7647816972840891
13.0,0.0,0.9633627737292558,2.741305978339888
13.0,1.0,1.1565847512692855,1.9687224553274174
13.0,2.0,1.2314551297989136,1.9528477136682056
13.0,3.0,1.1970091983582538,1.9511365623559138
13.0,4.0,1.1729829961004687,1.9524232764935416
13.0,5.0,1.1944956445854922,1.8513550824637224
13.0,6.0,1.1102656565116416,1.7344317666066211
13.0,7.0,1.0733898077478403,1.7081323311932073
13.0,8.0,0.7826579473586419,1.7689629598319967
13.0,9.0,0.7427339362593419,1.594782382650643
13.0,10.0,0.6785312406302603,1.4751052132045146
13.0,11.0,0.7630955305586813,1.3904940523862417
13.0,12.0,1.0381654581942188,1.4851825017158526
13.0,13.0,1.031874754692483,1.4988414850388256
13.0,14.0,1.013782032445605,1.5384631548668188
13.0,15.0,1.001317574052264,1.5386663382879482
13.0,16.0,0.8777970522808499,1.3961434644401054
13.0,17.0,0.7472512061402287,1.3973176524358737
13.0,18.0,0.5234803341778744,1.5934766680548205
13.0,19.0,0.514259929072819,1.7793944173961722
13.0,20.0,0.26803080176138366,1.8117271815060754
13.0,21.0,0.15005958547770334,1.7476385364080533
13.0,22.0,0.2774563904529555,1.6710084990993175
13.0,23.0,0.5145718512191518,1.6398129644519623
13.0,24.0,0.627884357280335,1.3324986440238775
13.0,25.0,0.27763025066998875,1.168799084902492
13.0,26.0,0.217041491341853,1.20859722148078
13.0,27.0,0.1942139737061142,1.0779807810075897
13.0,28.0,0.37927955156714105,1.2754516387492132
13.0,29.0,0.34590661379816523,1.358636260017933
13.0,30.0,0.35339984690021325,1.3882974936471464
13.0,31.0,0.3713695034272592,1.2366227202401392
13.0,32.0,0.40979192306402373,1.2300961292747947
13.0,33.0,0.3849822077919164,1.0972617442808033
13.0,34.0,0.305447115943728,0.9351447538230431
13.0,35.0,0.3503130526888087,0.6295826477353796
13.0,36.0,0.3482535014981498,0.5777723349900837
13.0,37.0,0.3793633809789085,0.14787926865480966
13.0,38.0,0.41217885784044894,0.08844560751735203
13.0,39.0,0.05412101838652411,0.0981110845738456
13.0,40.0,-0.05395037788904769,0.09181261233547704
13.0,41.0,-0.04780222317308134,0.08769305593621765
13.0,42.0,-0.056963880089225816,0.24027114311206973
13.0,43.0,-0.03037534964185149,0.454296380160114
13.0,44.0,0.13383463188744213,0.391218615737988
13.0,45.0,0.08376030609949614,0.5337172460828545
13.0,46.0,-0.06469320515393037,0.4954591288464754
13.0,47.0,0.08787443160976005,0.6550160052156484
13.0,48.0,0.17105009479582256,0.6419402401677474
13.0,49.0,0.14918380654650612,0.7944558601061824
13.0,50.0,0.12305267521983149,0.9679346397786756
13.0,51.0,0.002164870350940401,1.1295676518928817
13.0,52.0,-0.16468674018000923,1.0943671182995445
13.0,53.0,-0.1936231573911069,0.8268763691586878
13.0,54.0,-0.18314041409389858,0.6449209039523104
13.0,55.0,-0.5328356882858681,0.6277589129723844
13.0,56.0,-0.4392296509475871,0.3194567013131848
13.0,57.0,-0.44238881251284723,0.174567823341056
13.0,58.0,-0.5522350313076925,0.18217931281962446
13.0,59.0,-0.7676299674971467,0.3114116362804988
13.0,60.0,-0.7569936676540413,0.3123986565779595
13.0,61.0,-0.7518251840708319,0.34318001200677484
13.0,62.0,-0.7367574569818974,0.37114694847835494
13.0,63.0,-0.6278860942537389,0.33433554571594376
13.0,64.0,-0.4029965804009129,0.21890569461062803
13.0,65.0,-0.4853948406086271,0.12258898535768191
13.0,66.0,-0.43355444034900703,0.11015114690769197
13.0,67.0,-0.35433572120162943,0.09686553802035051
13.0,68.0,-0.061800582855946085,0.07761741541126366
13.0,69.0,-0.055949056554766737,0.08387501538874176
13.0,70.0,-0.031234807842330462,0.08469523201287946
13.0,71.0,0.114611311250604,0.09659563797661358
13.0,72.0,0.19357909376993293,0.32763090644855175
13.0,73.0,0.15175905842708534,0.502300149639846
13.0,74.0,0.0412046757302858,0.6080771257349793
13.0,75.0,0.0646414630376263,0.27716443823620257
13.0,76.0,0.056098136246643907,0.18941894344063742
13.0,77.0,-0.23628768404693362,0.049454801716147606
13.0,78.0,-0.5153165117783507,0.0571852587636406
13.0,79.0,-0.5082958630879535,0.05732403209724962
13.0,80.0,-0.5726855622187175,0.10389988268871723
13.0,81.0,-0.41293531848975207,0.42301236102473294
13.0,82.0,-0.32197881629034747,0.40501472410078615
13.0,83.0,-0.16827141187188965,0.5157069059376292
13.0,84.0,-0.1459050508076431,0.462337697599937
13.0,85.0,-0.10377684740840176,0.2540850195288705
13.0,86.0,-0.02297603616161452,0.17568851746928926
13.0,87.0,-0.2177274724810414,-0.09175064065497712
13.0,88.0,-0.2571776589344574,-0.17610664606913407
13.0,89.0,-0.18542136032148088,-0.12344151008358739
13.0,90.0,-0.08868893797775548,-0.5047494939033892
13.0,91.0,-0.16081436434910718,-0.7067460243466537
13.0,92.0,-0.44540115158224347,-0.7442961640661745
13.0,93.0,-0.5862600138671299,-0.9995581094106264
13.0,94.0,-0.6577437029723837,-1.1461458316935993
13.0,95.0,-0.7431807020622374,-1.2467799668915596
13.0,96.0,-0.7136123046569816,-1.3386212791208036
13.0,97.0,-0.7615829323182448,-1.2538444043702879
13.0,98.0,-0.6299270219900076,-1.005623967007942
13.0,99.0,-0.5851112278202284,-1.0274218123408192
13.0,100.0,-0.3860115823990117,-0.8291266462584199
14.0,0.0,-4.349559053024939,3.5856979414863286
14.0,1.0,-3.8927295730837375,2.9333737437966434
14.0,2.0,-3.849931254561928,2.8699238822079662
14.0,3.0,-3.8507289455356606,2.835444701232505
14.0,4.0,-3.8328632309518182,2.819328551859511
14.0,5.0,-3.7915107209879184,2.724631435699752
14.0,6.0,-3.8622587932883707,2.5990907532589174
14.0,7.0,-3.891670242410614,2.5646457944747243
14.0,8.0,-3.6332463598279,2.71107829406696
14.0,9.0,-3.5583889661023025,2.548815634363326
14.0,10.0,-3.476157275639514,2.4407297421464875
14.0,11.0,-3.358920470369493,2.4645141731086286
14.0,12.0,-3.0970768523769308,2.5912709766437105
14.0,13.0,-3.082233963774004,2.5888565545834403
14.0,14.0,-3.044631482040877,2.5668729996895885
14.0,15.0,-3.042055798531995,2.5546758745773324
14.0,16.0,-2.853666446872868,2.5635944534991264
14.0,17.0,-2.726971006942056,2.5950882967507547
14.0,18.0,-2.8358338102596936,2.872037123433974
14.0,19.0,-2.695478663231414,2.994310824993733
14.0,20.0,-2.451755136218643,3.0419871624368797
14.0,21.0,-2.3479817320065473,3.1271672239547263
14.0,22.0,-2.199958107063262,3.140991658644442
14.0,23.0,-2.4118122297929983,3.0300198883660796
14.0,24.0,-2.7357972127091257,3.0781400132087886
14.0,25.0,-2.984625947341223,2.7822350526634527
14.0,26.0,-3.0563443283987053,2.771682173884628
14.0,27.0,-3.1354806396773713,2.8780738761950175
14.0,28.0,-3.405951962618184,2.8875222217060053
14.0,29.0,-3.3166753088891503,2.8954666090265326
14.0,30.0,-3.2887231715961556,2.883032167202229
14.0,31.0,-3.136113577994201,2.889233569012561
14.0,32.0,-3.1155229657721377,2.856144214097526
14.0,33.0,-3.1097314308940147,2.7211369775049254
14.0,34.0,-3.2700089082746278,2.637957174217779
14.0,35.0,-3.5708932403737483,2.5683168722798335
14.0,36.0,-3.57974707284934,2.61940659637741
14.0,37.0,-3.745206289326637,3.017400466640723
14.0,38.0,-3.7801773605787874,2.9592090602878134
14.0,39.0,-3.8321524740995283,3.3136063308975747
14.0,40.0,-3.917012414789809,3.380821566607429
14.0,41.0,-3.9104519907501434,3.3842466779571394
14.0,42.0,-3.7694173863884295,3.325312400866249
14.0,43.0,-3.79398735970009,3.5395787501987717
14.0,44.0,-3.925749142809029,3.4230345315077657
14.0,45.0,-3.856239576370321,3.288938603430948
14.0,46.0,-3.8231234577122954,3.139254097810054
14.0,47.0,-3.9341536736634843,2.948446415233651
14.0,48.0,-3.857561851296072,2.9134770096844003
14.0,49.0,-3.7113957907740924,2.962207201952566
14.0,50.0,-3.679299160159428,2.7897324811258457
14.0,51.0,-3.558605916929557,2.627954135820346
14.0,52.0,-3.4635326583101524,2.7695154758730425
14.0,53.0,-3.2079473744581612,2.6854632314339524
14.0,54.0,-3.041579616397106,2.6110357613490267
14.0,55.0,-2.9023769409628963,2.2897820705086724
14.0,56.0,-2.5944830752925148,2.194841502663949
14.0,57.0,-2.4907871565265043,2.296083409466867
14.0,58.0,-2.3879991259963957,2.3355643838133644
14.0,59.0,-2.2818955394331155,2.107884782439935
14.0,60.0,-2.28575346488437,2.0979237837634663
14.0,61.0,-2.306738477648706,2.0748189292115415
14.0,62.0,-2.32820899342165,2.0514051963251396
14.0,63.0,-2.3704582043100353,1.9445264932317194
14.0,64.0,-2.603536122924274,2.0423734544600074
14.0,65.0,-2.7290049165398553,2.0603724431878603
14.0,66.0,-2.7813477873775745,2.070489300251766
14.0,67.0,-2.8443558152068507,2.0206686088081134
14.0,68.0,-3.106699706256356,1.889813802935697
14.0,69.0,-3.113877096388996,1.8851358772826527
14.0,70.0,-3.091872510084299,1.8738546971010481
14.0,71.0,-2.948293794126538,1.9021011560028753
14.0,72.0,-2.707414179128818,1.9419786814084323
14.0,73.0,-2.5884117998125276,2.0765026331425314
14.0,74.0,-2.571681085316553,2.2285918286751363
14.0,75.0,-2.257607842466991,2.3354117138693864
14.0,76.0,-2.2538778383187084,2.247330232509058
14.0,77.0,-1.9747442228782561,2.412144836256915
14.0,78.0,-1.8243554288624313,2.6473044784275004
14.0,79.0,-1.818080814261332,2.6441520226102413
14.0,80.0,-1.7976577403237266,2.720952030835554
14.0,81.0,-1.807846899480937,2.3642321193687468
14.0,82.0,-1.75866840641731,2.285628836694374
14.0,83.0,-1.5812403952472187,2.219311221047504
14.0,84.0,-1.5431943843915086,2.175710446239991
14.0,85.0,-1.3382175548599238,2.2316431093323086
14.0,86.0,-1.2262254886256356,2.2201296505170056
14.0,87.0,-0.9662193467604592,2.0155602700147375
14.0,88.0,-0.9164363429104878,1.9368589016129345
14.0,89.0,-0.9857182295688652,1.880978644633689
14.0,90.0,-1.202813277463618,1.5529196861570425
14.0,91.0,-0.9955223257833639,1.4978276105756985
14.0,92.0,-0.7384015059845763,1.6254541614443692
15.0,4.0,2.474842494002526,2.921443674387476
15.0,5.0,2.399150001788386,2.991787263375398
15.0,6.0,2.31100031011783,2.8777899627918915
15.0,7.0,2.272637233063316,2.9018682277631163
15.0,8.0,2.151300697410387,2.63075418323259
15.0,9.0,1.9924132957171905,2.5489764740896255
15.0,10.0,1.8730480857876666,2.484195630693151
15.0,11.0,1.8195964169958598,2.377176535343374
15.0,12.0,1.6782633255560486,2.631448682441581
15.0,13.0,1.6653896220286541,2.6236763897648503
15.0,14.0,1.6915767246083777,2.588870370504668
15.0,15.0,1.6794070722457488,2.5861678590958643
15.0,16.0,1.5742621350994628,2.429596370436421
15.0,17.0,1.4556682086096455,2.484177294409436
15.0,18.0,1.4305524915280576,2.7806919876421055
15.0,19.0,1.246947606559937,2.811346051097025
15.0,20.0,0.9990770379527056,2.8266552636785236
15.0,21.0,1.0493076183688108,2.7021504401052487
15.0,22.0,1.1780207978755401,2.627752685051019
15.0,23.0,1.1108590441882646,2.398217933961016
15.0,24.0,1.3712000789944523,2.1994608934163233
15.0,25.0,0.9873375591600748,2.245559165838941
15.0,26.0,0.9162150267573445,2.2315422183592153
15.0,27.0,0.9473654634282638,2.3604274400819074
15.0,28.0,0.6769130136739933,2.3704014156263957
15.0,29.0,0.7506897872557894,2.319505228433123
15.0,30.0,0.7796626443392425,2.3293292233002947
15.0,31.0,0.7559195040437472,2.178450435087122
15.0,32.0,0.7183506661547006,2.168084088573568
15.0,33.0,0.680907701267287,2.297924452825425
15.0,34.0,0.539562918952871,2.4103050647781616
15.0,35.0,0.41706539615161964,2.6938108140396166
15.0,36.0,0.3751492813407649,2.663288861660459
15.0,37.0,0.514876127065978,2.2555484029515713
15.0,38.0,0.5578093216717798,2.202956042301066
15.0,39.0,0.4168829417412509,1.873655885482369
15.0,40.0,0.4251377893159445,1.7657162961881359
15.0,41.0,0.425298167444265,1.7583173212460175
15.0,42.0,0.5036865260667243,1.627095090369661
15.0,43.0,0.4144669226375734,1.4307443470332337
15.0,44.0,0.23936605288871285,1.4475790674507736
15.0,45.0,0.1277853702341339,1.5493781293895676
15.0,46.0,0.20210598290237258,1.6834623382680236
15.0,47.0,0.41790185036318517,1.6369067352627964
15.0,48.0,0.4491682880821589,1.5587301630023376
15.0,49.0,0.6032111594392484,1.561883363134031
15.0,50.0,0.7767657222620283,1.5875063361165536
15.0,51.0,0.7051010505553413,1.398818056670524
15.0,52.0,0.712646888128583,1.2284607913797663
15.0,53.0,0.9640525518379175,1.13262859756255
15.0,54.0,0.9238872845990367,0.9548522478049581
15.0,55.0,0.6296780452912499,0.7650569838162977
15.0,56.0,0.3094862977016032,0.7291461398326551
15.0,57.0,0.3357695638488151,0.5866261160379171
15.0,58.0,0.42068313465335255,0.6567247041037989
15.0,59.0,0.6709165681403289,0.6786153580107551
15.0,60.0,0.661110974873668,0.6743779738992001
15.0,61.0,0.6322815811403099,0.662416739784278
15.0,62.0,0.6145765739388461,0.6887932189888292
15.0,63.0,0.6276829670543064,0.8029697290735474
15.0,64.0,0.5289620402398578,1.0356788233867091
15.0,65.0,0.5491688420536005,0.9105466255836063
15.0,66.0,0.5914472629684413,0.8780710647827024
15.0,67.0,0.5180204045246198,0.845504067286318
15.0,68.0,0.2830542375783928,0.6701809433650842
15.0,69.0,0.2848829504889449,0.6618111329357909
15.0,70.0,0.2745724426964698,0.6393353621193766
15.0,71.0,0.1806042058077424,0.5271628139063842
15.0,72.0,0.09010427505389955,0.300396483761298
15.0,73.0,0.197635215880557,0.1565376757652965
15.0,74.0,0.34779558615191275,0.12716245822958913
15.0,75.0,0.017280778861060386,0.09865891619630304
15.0,76.0,-0.054499497329074054,0.14984340837551774
15.0,77.0,-0.30061534415721397,-0.061122036229727617
15.0,78.0,-0.45859068832101835,0.16900974625078835
15.0,79.0,-0.46178695720415913,0.1627573362115504
15.0,80.0,-0.5155269902698982,0.22130092730880283
15.0,81.0,-0.8673256791578019,0.16137933939618235
15.0,82.0,-0.9575054347772632,0.1829341974010668
15.0,83.0,-1.0344999219044262,0.355996539477225
15.0,84.0,-0.993669658455657,0.3970016134626765
15.0,85.0,-0.7827832550487478,0.42290312506948113
15.0,86.0,-0.7248931768069814,0.326344741308779
15.0,87.0,-0.4436706346998488,0.5006023295438345
15.0,88.0,-0.38012382004753764,0.43252843434025906
15.0,89.0,-0.3148683616350162,0.49306196295360244
15.0,90.0,-0.03975093189487433,0.21187992243467962
15.0,91.0,-0.08524532162277258,0.002273300536295736
15.0,92.0,-0.32099182415901223,-0.1615047169219843
15.0,93.0,-0.06921521373158984,-0.308502738224669
15.0,94.0,0.04859846053647121,-0.1957294422381377
15.0,95.0,-0.02797435951862033,-0.0881965951200055
15.0,96.0,-0.01299583588988741,0.007117415324462348
15.0,97.0,-0.020537517050000453,0.10423292724691156
15.0,98.0,0.0963698738611171,0.3597311194108997
15.0,99.0,0.046983620018081124,0.3664093976003183
15.0,100.0,0.042123093137625585,0.08545029563537943
16.0,0.0,-4.18173303396845,2.099118258725011
16.0,1.0,-3.683732029124631,2.7205802702827464
16.0,2.0,-3.6077342203614053,2.7296309093267412
16.0,3.0,-3.578805751949743,2.7484083944348074
16.0,4.0,-3.5592193487887536,2.73443388766644
16.0,5.0,-3.464900311192858,2.692226150979034
16.0,6.0,-3.3838151756606925,2.5731003625129305
16.0,7.0,-3.349693642870531,2.5433142999137046
16.0,8.0,-3.0573577660975992,2.4907299374343888
16.0,9.0,-2.8827099926969537,2.4529019666233176
16.0,10.0,-3.0159688922499064,2.426697449787209
16.0,11.0,-3.090109954557115,2.332818428988778
16.0,12.0,-2.8226859088590515,2.4473337000592608
16.0,13.0,-2.807710650472318,2.448705710341503
16.0,14.0,-2.7910641851872264,2.4084550145490895
16.0,15.0,-2.7992711906078,2.399071568030425
16.0,16.0,-2.8936027804481106,2.2357570248117336
16.0,17.0,-2.7708675158056977,2.280250299305493
16.0,18.0,-2.476458237225713,2.323550867816765
16.0,19.0,-2.3687398016254013,2.4753637922411253
16.0,20.0,-2.5646103159910663,2.628036423624971
16.0,21.0,-2.4632618087918488,2.716087785854304
16.0,22.0,-2.384187062893621,2.8419817614725655
16.0,23.0,-2.1583009087919276,2.7634174661378137
16.0,24.0,-1.862113052119866,2.90325511890005
16.0,25.0,-1.8034348705375696,3.285396919623476
16.0,26.0,-1.8033503602441883,3.2129063527196564
16.0,27.0,-1.7073879569425476,3.121402433481901
16.0,28.0,-1.614851895283207,2.867077670513709
16.0,29.0,-1.526411108187334,2.8816262570022566
16.0,30.0,-1.5024074537313492,2.8626588666839736
16.0,31.0,-1.5756793314365811,2.7286462651074186
16.0,32.0,-1.5711659266486697,2.689935699397357
16.0,33.0,-1.6685437239463021,2.596244395627604
16.0,34.0,-1.7148409939615674,2.421704107385849
16.0,35.0,-1.6031481775560927,2.1337703168711633
16.0,36.0,-1.6356066444742623,2.093335206098539
16.0,37.0,-2.053561546743171,1.9880281657173815
16.0,38.0,-2.022393133058972,1.9277144393670467
16.0,39.0,-1.8059511733187943,1.6423169693275008
16.0,40.0,-1.7073292905723048,1.5976759378763028
16.0,41.0,-1.7031835557762665,1.6038064708334816
16.0,42.0,-1.564042310113679,1.667081445342797
16.0,43.0,-1.3562918074324113,1.6091722001352902
16.0,44.0,-1.1855977337266799,1.566660371192201
16.0,45.0,-1.0735621849980455,1.667958611919047
16.0,46.0,-1.0390054863269491,1.817317117250678
16.0,47.0,-0.9042005434962832,1.9921396214449774
16.0,48.0,-0.8549118792335214,2.060402306370359
16.0,49.0,-0.756540607830047,1.9418179825772401
16.0,50.0,-0.5814973507015351,1.9535474819233771
16.0,51.0,-0.4892098153521824,2.133052642824874
16.0,52.0,-0.5739318609442567,1.985063749685146
16.0,53.0,-0.5139020829796551,1.72279472201609
16.0,54.0,-0.3919472664845979,1.587352107011944
16.0,55.0,-0.6338157039597463,1.8404943154243738
16.0,56.0,-0.9313608240766039,1.7168850704838179
16.0,57.0,-0.832775425955081,1.6106603721362176
16.0,58.0,-0.7902831812132434,1.5090801787301842
16.0,59.0,-1.0105369127746773,1.3883148455570464
16.0,60.0,-1.0001062955969564,1.38601108586648
16.0,61.0,-0.9688982228463149,1.3865222216367323
16.0,62.0,-0.9685175748316281,1.4182876280141254
16.0,63.0,-1.0288699352803676,1.5160917464544454
16.0,64.0,-0.846970267623695,1.691624805658539
16.0,65.0,-0.747124737921496,1.6135399033722324
16.0,66.0,-0.6977934399413988,1.633752522301617
16.0,67.0,-0.6787847150631071,1.7117959797170845
16.0,68.0,-0.9132112929883821,1.5357520165909737
16.0,69.0,-0.9091463336517942,1.5282105297930397
16.0,70.0,-0.9129007768473576,1.5037693554959246
16.0,71.0,-1.0582974774722773,1.4872614917952647
16.0,72.0,-1.2969535452824341,1.538802613739926
16.0,73.0,-1.2027501698912253,1.6917208400505903
16.0,74.0,-1.1566360726168299,1.8376130270856348
16.0,75.0,-1.401278543660114,2.061672285115265
16.0,76.0,-1.32574967579806,2.0162008610221878
16.0,77.0,-1.2735996974212636,1.696263666196827
16.0,78.0,-1.015147286868627,1.5908160576375838
16.0,79.0,-1.0167445624377929,1.583978113734023
16.0,80.0,-0.9901099183901072,1.5091052952421156
16.0,81.0,-0.8953733168289199,1.1650444132374118
16.0,82.0,-0.8317616761840457,1.0975865789876829
16.0,83.0,-0.7053431250178659,0.9565295862014193
16.0,84.0,-0.6717874972257623,0.9093856963605709
16.0,85.0,-0.5187711837123602,1.0567965889166753
16.0,86.0,-0.4611681608761864,0.9600666845775718
16.0,87.0,-0.5482172987977554,0.6408891903305498
16.0,88.0,-0.6012391734887381,0.5643324553890943
16.0,89.0,-0.517191988595511,0.535029662850934
16.0,90.0,-0.13032106512689579,0.4637286906854163
16.0,91.0,-0.06342269020896277,0.2599413434979483
16.0,92.0,0.049336119618484,-0.004038017943304606
16.0,93.0,-0.20941563824962517,-0.13837865820301884
16.0,94.0,-0.10344097930420192,-0.014413946314482548
16.0,95.0,0.009441271362143233,-0.08285594705249023
16.0,96.0,0.032237929726217064,0.010896008257979636
16.0,97.0,0.1179445930064143,0.05718496460887471
16.0,98.0,0.3979723790326991,0.08023064320440111
16.0,99.0,0.4408615258272041,0.05485107355746951
16.0,100.0,0.7191997775983509,0.09344458725449227
17.0,0.0,-4.157577537632401,1.3258507359276193
17.0,1.0,-3.6156512940252097,0.742296129121504
17.0,2.0,-3.629410089676194,0.6670081716106845
17.0,3.0,-3.660701300963338,0.6525060914905253
17.0,4.0,-3.682112491171125,0.6415299827952768
17.0,5.0,-3.586169792590876,0.6799040948817975
17.0,6.0,-3.4621675175417943,0.753315187126719
17.0,7.0,-3.4276597631839296,0.7826529343867311
17.0,8.0,-3.247078012706978,0.5468233106736898
17.0,9.0,-3.3076507344738464,0.7149415592585477
17.0,10.0,-3.309473605684101,0.5791428547241204
17.0,11.0,-3.3237792970905167,0.46037621437634396
17.0,12.0,-3.5500646035842403,0.27755300033910013
17.0,13.0,-3.5633664363352735,0.28456741559823207
17.0,14.0,-3.54475376901175,0.3239475112477479
17.0,15.0,-3.534897749262663,0.3315805238409222
17.0,16.0,-3.3907016534693097,0.45314357261185667
17.0,17.0,-3.2624741541316498,0.4776650953139767
17.0,18.0,-3.075977217666967,0.7095500996516324
17.0,19.0,-3.0780538405109987,0.5234154359588676
17.0,20.0,-3.190795545091357,0.7446924090488232
17.0,21.0,-3.1971111284244373,0.8787993652782226
17.0,22.0,-3.059329412813137,0.9346411720098056
17.0,23.0,-2.8203017697323287,0.9267235360284221
17.0,24.0,-2.922362687296376,1.2379555791666987
17.0,25.0,-3.0380599117218954,1.606858868816139
17.0,26.0,-3.0005038968385085,1.6688623782176693
17.0,27.0,-3.110511812672907,1.7428894579727725
17.0,28.0,-3.2726800401154836,1.959558500003195
17.0,29.0,-3.301453247534975,2.044443932945174
17.0,30.0,-3.2748341372171907,2.0595224039756874
17.0,31.0,-3.2364305275146137,2.2073510487153962
17.0,32.0,-3.2227211735644894,2.2438329940396624
17.0,33.0,-3.0883574118995036,2.258216156412723
17.0,34.0,-2.986810743781769,2.1088976256653043
17.0,35.0,-2.6780089370989093,2.104143980101752
17.0,36.0,-2.629838695599835,2.1233319474717773
17.0,37.0,-2.224125681778294,1.977823104096902
17.0,38.0,-2.180829137768762,2.0301167449596598
17.0,39.0,-1.968653373906394,2.318699979175653
17.0,40.0,-1.9277514731707261,2.4189303735762477
17.0,41.0,-1.92762124218648,2.4263299405385017
17.0,42.0,-1.8035131851285207,2.3371043902908886
17.0,43.0,-1.6009688691770156,2.2630128784925767
17.0,44.0,-1.5672989118453378,2.090356988434846
17.0,45.0,-1.4849486956468585,1.9637404822228042
17.0,46.0,-1.4607204638260243,1.8123630687134578
17.0,47.0,-1.6086100817939528,1.6484608372410186
17.0,48.0,-1.6405328095394713,1.5705499520495723
17.0,49.0,-1.5674295443132502,1.4349215571601832
17.0,50.0,-1.3944176596947553,1.4058593686358152
17.0,51.0,-1.3991996297060691,1.204076751114035
17.0,52.0,-1.2289366134374506,1.1946405022226825
17.0,53.0,-1.0316705678267026,1.3776014936007623
17.0,54.0,-1.2117902878828548,1.3497704736338663
17.0,55.0,-1.3012119158301847,1.0112662769363348
17.0,56.0,-1.4885816089592394,1.273382552731741
17.0,57.0,-1.3898819315259556,1.167264029671987
17.0,58.0,-1.4266445110364858,1.0634727039104412
17.0,59.0,-1.653678341615163,0.9559942793968321
17.0,60.0,-1.6636022461792375,0.9520419128117104
17.0,61.0,-1.639747231401142,0.9319137401544169
17.0,62.0,-1.6115805518534574,0.9466046931013857
17.0,63.0,-1.575981226137139,0.8373309954236453
17.0,64.0,-1.5892611286965481,0.5848968690556593
17.0,65.0,-1.4687400135333402,0.5456407540365757
17.0,66.0,-1.483987109475099,0.4945559912424855
17.0,67.0,-1.5430358325979956,0.4401008614160496
17.0,68.0,-1.2693211691689708,0.545113148386852
17.0,69.0,-1.2755545590964656,0.5392358388371233
17.0,70.0,-1.29978807664759,0.5343161364243738
17.0,71.0,-1.3114862096777118,0.6801786189213535
17.0,72.0,-1.519486277534625,0.5523147157843066
17.0,73.0,-1.3398829380418615,0.5532635656900814
17.0,74.0,-1.189781307106302,0.5235896614005231
17.0,75.0,-0.9179019513942832,0.3334999307873988
17.0,76.0,-0.8417890574658867,0.3779868689537948
17.0,77.0,-0.8186349925841355,0.05465527730696401
17.0,78.0,-0.5881891381131876,-0.10286156251813752
17.0,79.0,-0.5812207228447593,-0.10372756177843334
17.0,80.0,-0.5264723674495999,-0.16132930475548518
17.0,81.0,-0.5395893488368366,-0.5179535593996483
17.0,82.0,-0.607663206256969,-0.5809055265106131
17.0,83.0,-0.5957279189248291,-0.76994593015269
17.0,84.0,-0.5560223781736534,-0.8120410194090981
17.0,85.0,-0.38369867379893374,-0.9363330318475219
17.0,86.0,-0.31736279162253456,-1.0272963946327431
17.0,87.0,0.0021217339782784728,-1.113211836482969
17.0,88.0,0.09225713908438055,-1.1366182801898082
17.0,89.0,0.16378096918141977,-1.1895986979614777
17.0,90.0,0.3930165791466861,-0.8699051334640682
17.0,91.0,0.17966424525964092,-0.8919382236993657
17.0,92.0,-0.10034091135792556,-0.9551581946595458
17.0,93.0,-0.1768524911419343,-0.6738294581533335
17.0,94.0,-0.30173572163759865,-0.5689387680365583
17.0,95.0,-0.1700213554990098,-0.5601049844060418
17.0,96.0,-0.07382058931698127,-0.5674893830339136
17.0,97.0,-0.028303943567464622,-0.6536086873181053
17.0,98.0,-0.1671327301509596,-0.4093276355263925
17.0,99.0,-0.1265209119191581,-0.38044370075061856
17.0,100.0,-0.019967438881197466,-0.12042831835555878
18.0,0.0,-1.355463219201336,2.3933446444394457
18.0,1.0,-0.7340276557245244,1.8953106364830634
18.0,2.0,-0.6605081862093389,1.8740393270235538
18.0,3.0,-0.6551217138680687,1.8399741520299489
18.0,4.0,-0.6504278845358822,1.8163758047487457
18.0,5.0,-0.571236394206181,1.7499959753677492
18.0,6.0,-0.4497495905409715,1.6724930127330777
18.0,7.0,-0.4155721868526053,1.6427710746697965
18.0,8.0,-0.5485629797034823,1.3771796044700746
18.0,9.0,-0.429163270628832,1.2442265691441543
18.0,10.0,-0.3026005838012684,1.2934860587442905
18.0,11.0,-0.35820200107884415,1.187567929687747
18.0,12.0,-0.271463085119513,0.9098887479256526
18.0,13.0,-0.26429631982984536,0.8966683753421425
18.0,14.0,-0.3034619910849946,0.8776086399453762
18.0,15.0,-0.31192359510096296,0.8684541184385524
18.0,16.0,-0.12365958429220111,0.8797124976615537
18.0,17.0,-0.14800912728263674,0.7514522293857657
18.0,18.0,-0.3789696630234217,0.5638116328249039
18.0,19.0,-0.5545014878982027,0.501851937485238
18.0,20.0,-0.7958599668552022,0.5603350581877221
18.0,21.0,-0.7645741279028299,0.6908944645244444
18.0,22.0,-0.7562040323128821,0.8393264355942103
18.0,23.0,-0.615400190092662,0.6460101633036364
18.0,24.0,-0.717290228658868,0.3347221365325793
18.0,25.0,-0.41953218860629315,0.08811387544224822
18.0,26.0,-0.3470707059253167,0.08605889133005347
18.0,27.0,-0.2320654163291511,0.15205535675206341
18.0,28.0,-0.036786094576980705,0.33943196751835036
18.0,29.0,-0.010806719955536608,0.4252137038334364
18.0,30.0,0.0089173234843451,0.4018278227700667
18.0,31.0,-0.08381575942733588,0.2804658815468716
18.0,32.0,-0.049446093414658616,0.26209185698637966
18.0,33.0,0.0688256088669427,0.3274546923596039
18.0,34.0,-0.030111875655742387,0.17639469240361053
18.0,35.0,0.278453198394907,0.1634043870623434
18.0,36.0,0.2275747049881385,0.15340792936325176
18.0,37.0,-0.17854102611393127,0.2977889739497315
18.0,38.0,-0.22780762996311774,0.3445010424440699
18.0,39.0,-0.4985936607891557,0.11003619784978494
18.0,40.0,-0.45929290963165376,0.2109051643555705
18.0,41.0,-0.45197570208987886,0.21201377841318056
18.0,42.0,-0.4612170139870927,0.36458706178254857
18.0,43.0,-0.5875586100661361,0.5393770876565164
18.0,44.0,-0.42153782045895444,0.5975219052807217
18.0,45.0,-0.4570858969253175,0.45072397609634296
18.0,46.0,-0.33544939371747207,0.3574143323004759
18.0,47.0,-0.39196841119654846,0.570817427984547
18.0,48.0,-0.4215117083536217,0.49197353049642123
18.0,49.0,-0.5044027640898948,0.3620958119842246
18.0,50.0,-0.3300319226468712,0.3813969175360122
18.0,51.0,-0.23871459735821055,0.561397578849395
18.0,52.0,-0.38904503587939965,0.641891657861794
18.0,53.0,-0.24964037544505285,0.8720111002523403
18.0,54.0,-0.18156746207592184,1.041078417291865
18.0,55.0,-0.20629649385467028,0.6918366762100214
18.0,56.0,0.018230996252227627,0.4607528166991797
18.0,57.0,-0.035724422177547094,0.326247872240302
18.0,58.0,-0.13455091445962858,0.3748014609730317
18.0,59.0,-0.06703250543828901,0.6167461579729498
18.0,60.0,-0.056397541449759864,0.6157448466413789
18.0,61.0,-0.03514882334445727,0.5928822780309547
18.0,62.0,-0.006012184745678176,0.6055409598895112
18.0,63.0,0.035164574731265504,0.4982445131887902
18.0,64.0,-0.19916318416190992,0.403429718039206
18.0,65.0,-0.3101159503144845,0.4647148340925091
18.0,66.0,-0.362567437303149,0.47425257161582285
18.0,67.0,-0.41316909608002306,0.41187000196782503
18.0,68.0,-0.5257263946673729,0.14117062641327982
18.0,69.0,-0.5230118784186059,0.13304478374518028
18.0,70.0,-0.5163337907780747,0.15685381543897362
18.0,71.0,-0.43667704468927915,0.034104017397928954
18.0,72.0,-0.20800503759324265,-0.05146653317053944
18.0,73.0,-0.03162434493645233,-0.08535032178703574
18.0,74.0,-0.02748062798914532,0.06760022517230467
18.0,75.0,0.20870505085052435,0.30055690538988716
18.0,76.0,0.12959396945893215,0.3394631656911413
18.0,77.0,0.12803589211267846,0.015307337003140797
18.0,78.0,-0.10868075819193909,-0.13261857059891977
18.0,79.0,-0.1155347652212002,-0.13414544771085019
18.0,80.0,-0.08897542532717848,-0.05924588378112593
18.0,81.0,-0.1414988843113531,0.29373315307170994
18.0,82.0,-0.09454605953803158,0.21378046410503249
18.0,83.0,0.0862531526838867,0.157297102370856
18.0,84.0,0.029117864590814405,0.14812729537343902
18.0,85.0,-0.18150988639466603,0.17605423505929677
18.0,86.0,-0.18955718017796114,0.06375987324142895
18.0,87.0,0.027930423359747242,-0.18554108454678475
18.0,88.0,0.12069420151215678,-0.17734753076755605
18.0,89.0,0.06779224856949395,-0.24892941614271968
18.0,90.0,-0.2973895658246512,-0.395200337699286
18.0,91.0,-0.3840510509340365,-0.591400394883278
18.0,92.0,-0.6045089154556968,-0.7752426708460803
18.0,93.0,-0.8776299234627494,-0.6732387747908897
18.0,94.0,-0.8691003435230599,-0.8361041314455786
18.0,95.0,-0.7587704239729307,-0.9085887424508331
18.0,96.0,-0.6628096895458981,-0.8985560855081697
18.0,97.0,-0.6172444100151256,-0.8124625032156274
18.0,98.0,-0.5346256054569474,-0.5439093476167989
18.0,99.0,-0.5415728004856131,-0.4945602042659996
18.0,100.0,-0.8065478304395111,-0.401019436686129
19.0,0.0,0.7676299375137372,-2.4437505313443886
19.0,1.0,0.0343997862577714,-2.132955457503129
19.0,2.0,0.029574816113220402,-2.0565728634975526
19.0,3.0,0.05375421797339984,-2.081165682720085
19.0,4.0,0.049142231367524276,-2.0575512039464345
19.0,5.0,0.030285179608868687,-1.9559540313073265
19.0,6.0,0.1633766708894832,-1.90070543285775
19.0,7.0,0.19726370142438437,-1.9307580148872818
19.0,8.0,0.1327081025962678,-2.2206855139036703
19.0,9.0,0.24213576562201056,-2.079411359529238
19.0,10.0,0.1386943633343326,-1.9914085907919041
19.0,11.0,0.09705715280698113,-1.879263549146655
19.0,12.0,0.28792977581605594,-1.6597253763577255
19.0,13.0,0.30080180993741784,-1.6675004334985126
19.0,14.0,0.3404033739906748,-1.6493637457414563
19.0,15.0,0.33761014506878934,-1.63721459438295
19.0,16.0,0.4821856791622747,-1.5161030597955543
19.0,17.0,0.45376593099544044,-1.3886828315107411
19.0,18.0,0.35768718462118765,-1.1070436349443922
19.0,19.0,0.21774640582326749,-0.9842959106482302
19.0,20.0,0.15633836261756748,-0.7436649837057763
19.0,21.0,0.2857902866788474,-0.7792565790448971
19.0,22.0,0.27906516939749965,-0.9277721719413765
19.0,23.0,0.302538992217011,-1.1657761272835896
19.0,24.0,0.0901411151694115,-0.9164390915353596
19.0,25.0,-0.17400965502963192,-0.6341274632640468
19.0,26.0,-0.17295501861274393,-0.5616445192423323
19.0,27.0,-0.06038062630886583,-0.49158200229704246
19.0,28.0,-0.25550543110248947,-0.30404449052806715
19.0,29.0,-0.3449609847191038,-0.2984643365788181
19.0,30.0,-0.36867232279501516,-0.2791327621634154
19.0,31.0,-0.447678070670631,-0.14841842765345595
19.0,32.0,-0.43338452974651903,-0.184675473978595
19.0,33.0,-0.4354218252212322,-0.31979151756988605
19.0,34.0,-0.5119413242697314,-0.48335348043334647
19.0,35.0,-0.20356371932131945,-0.5002178132995845
19.0,36.0,-0.2318531382148888,-0.4567637106562612
19.0,37.0,-0.5345732636004626,-0.1499471550876379
19.0,38.0,-0.47409134457458657,-0.18078792467595736
19.0,39.0,-0.5979084060304508,-0.5168953080128561
19.0,40.0,-0.5035544383683698,-0.46382529546422235
19.0,41.0,-0.502206443768414,-0.45654838252695096
19.0,42.0,-0.6096187731211768,-0.5652985556151104
19.0,43.0,-0.7368953233139418,-0.3911881543868925
19.0,44.0,-0.564303688294552,-0.3571903615220914
19.0,45.0,-0.4326256614509254,-0.28320255847422804
19.0,46.0,-0.5506627264382236,-0.1853793514774826
19.0,47.0,-0.3312831341183141,-0.16072422913150183
19.0,48.0,-0.2538813044632592,-0.12758628495750268
19.0,49.0,-0.1013970115776284,-0.14966997373851226
19.0,50.0,0.06662485738329046,-0.20013158857542712
19.0,51.0,0.21944550834345888,-0.33198355333606533
19.0,52.0,0.3593532371194707,-0.4294738858350638
19.0,53.0,0.1044928586921598,-0.5156991989678055
19.0,54.0,0.011483519180610705,-0.35896074807227774
19.0,55.0,-0.2914003445395962,-0.1833398955959532
19.0,56.0,-0.39658358973655605,-0.4878868195173184
19.0,57.0,-0.37283598984459415,-0.6308512163480998
19.0,58.0,-0.48294554788840693,-0.6309597658924642
19.0,59.0,-0.6660429522654802,-0.8029228795928554
19.0,60.0,-0.6656102332359182,-0.813596109547349
19.0,61.0,-0.6777619936049201,-0.8423457144927968
19.0,62.0,-0.6460179299224341,-0.841120824230657
19.0,63.0,-0.5333922077624812,-0.8182407083312166
19.0,64.0,-0.2830691900736253,-0.853422106573761
19.0,65.0,-0.16356424462450264,-0.8111734405619572
19.0,66.0,-0.16960450649231182,-0.7582051277612463
19.0,67.0,-0.20321417315240836,-0.6852496401413578
19.0,68.0,-0.49551859935449566,-0.6627680962982173
19.0,69.0,-0.49703870463340255,-0.6543367738946695
19.0,70.0,-0.5159326726034673,-0.6383841935680629
19.0,71.0,-0.4890484317021882,-0.4945441862414012
19.0,72.0,-0.26176533319024087,-0.4053500211590987
19.0,73.0,-0.13022077380788752,-0.28306229172560626
19.0,74.0,-0.24891029764066114,-0.1865022734072036
19.0,75.0,-0.3062909654546223,0.14023913613278172
19.0,76.0,-0.2552902349903959,0.21215009344591584
19.0,77.0,0.02114372177785695,0.042846530509783265
19.0,78.0,-0.16806057286831758,-0.16238159026993718
19.0,79.0,-0.1726331877831025,-0.16771075145282366
19.0,80.0,-0.1576974299896695,-0.08965778000647237
19.0,81.0,-0.31950638767486705,0.22841575773920034
19.0,82.0,-0.3743673837978951,0.15366770537938557
19.0,83.0,-0.187627764459278,0.12193381399921505
19.0,84.0,-0.1546344794446004,0.07439467591501651
19.0,85.0,0.04253640461551422,-0.004773536925566951
19.0,86.0,0.10233533259832557,-0.10016153850555294
19.0,87.0,0.23256017050721156,0.20396560076074227
19.0,88.0,0.15823466558561666,0.26007239338688104
19.0,89.0,0.09698897375570556,0.19548487004617432
19.0,90.0,0.46907326420958395,0.06778905627516257
19.0,91.0,0.30913965876014704,-0.07513021215393975
19.0,92.0,0.069672461762837,-0.2334182850554867
19.0,93.0,-0.18660564234276159,-0.0944167987998839
19.0,94.0,-0.2895141266578337,0.03210482776325013
20.0,0.0,2.559327154132225,0.664916465198111
20.0,1.0,1.8203766815977385,0.36797837101701814
20.0,2.0,1.7882579740052906,0.29850917189605986
20.0,3.0,1.7593495451832089,0.31731749384850494
20.0,4.0,1.7739719640105744,0.3364250550702064
20.0,5.0,1.8737049405011077,0.3634603521765467
20.0,6.0,1.7296541966414056,0.35956986693599774
20.0,7.0,1.7058833457697078,0.3981241815317803
20.0,8.0,1.6447170502064388,0.6887856070994354
20.0,9.0,1.5218290261384448,0.8185212370171673
20.0,10.0,1.3871072765267016,0.8013555388307068
20.0,11.0,1.2685664762534603,0.8174255835317394
20.0,12.0,1.2086995115786,1.1021101705161513
20.0,13.0,1.2166081098958146,1.1149005907055336
20.0,14.0,1.1848585759304677,1.1447198866604091
20.0,15.0,1.1732059814957507,1.1491494520433736
20.0,16.0,1.171902629104302,0.9605536139634355
20.0,17.0,1.198452181432901,0.8327306194234423
20.0,18.0,0.9655607910174151,0.6474919549450774
20.0,19.0,0.7807017068691087,0.6693447442019291
20.0,20.0,0.5324758534134995,0.676968158645085
20.0,21.0,0.502516714152811,0.8078383702163581
20.0,22.0,0.550547712946514,0.9485335431638334
20.0,23.0,0.726620747752597,1.1103828234540956
20.0,24.0,0.4010624292002578,1.0744162168388625
20.0,25.0,0.059338951759434766,0.89358328339006
20.0,26.0,-0.00015238001761119085,0.9350039409828634
20.0,27.0,-0.08304453707884055,0.8315117172120267
20.0,28.0,-0.05686817594932543,0.5621442992040844
20.0,29.0,-0.09064044330296979,0.4791210003732968
20.0,30.0,-0.06325142458327349,0.4654909242069454
20.0,31.0,0.05566564667068043,0.5613391146340422
20.0,32.0,0.06634286769742237,0.5988207857749964
20.0,33.0,-0.06565153436735185,0.6277685599930203
20.0,34.0,-0.12057060007237849,0.4557463356949133
20.0,35.0,-0.34138804981775045,0.23982781670061248
20.0,36.0,-0.2897770246340423,0.23484260483360422
20.0,37.0,0.13893657746912014,0.1903395661038388
20.0,38.0,0.20546360195890573,0.20388100658806757
20.0,39.0,0.4864333009426927,-0.018278544397485025
20.0,40.0,0.38903069026697,-0.06552078057490113
20.0,41.0,0.38375302854602394,-0.060332636581390674
20.0,42.0,0.23624851483728956,-0.10041289455512195
20.0,43.0,0.06799609969462866,-0.2353383437612823
20.0,44.0,-0.08511643058886553,-0.1487342129791409
20.0,45.0,0.028174872940158274,-0.04884237998977756
20.0,46.0,-0.053816586063065,0.08069344203821022
20.0,47.0,-0.1063007914247065,0.29512452367494957
20.0,48.0,-0.036241338310827126,0.24842506321325517
20.0,49.0,0.059578809132239896,0.12776998362272893
20.0,50.0,-0.06308596087199302,0.002346392457119373
20.0,51.0,0.07987350688661692,-0.1401375804988071
20.0,52.0,-0.07810727509461605,-0.07594560259949716
20.0,53.0,-0.2816400341124389,-0.2519087610263233
20.0,54.0,-0.35907867250604414,-0.4168964469584826
20.0,55.0,-0.4603604814127117,-0.7520431520164096
20.0,56.0,-0.777258439753422,-0.810249920863503
20.0,57.0,-0.7896869560511807,-0.9546393222905267
20.0,58.0,-0.7146574697662379,-1.0352290408867904
20.0,59.0,-0.7703436530539829,-1.280167851519158
20.0,60.0,-0.7678830961758549,-1.2697731055737516
20.0,61.0,-0.7802976629063209,-1.2411360038090866
20.0,62.0,-0.7545586909743122,-1.2225163566825894
20.0,63.0,-0.6427221834625532,-1.1960465893395433
20.0,64.0,-0.6879383227062511,-0.9473402470017367
20.0,65.0,-0.6793934641322894,-0.8208753619208348
20.0,66.0,-0.655919787453203,-0.7730097852759078
20.0,67.0,-0.6502041375491109,-0.6928883511085618
20.0,68.0,-0.4166947451301059,-0.5156296107231871
20.0,69.0,-0.41041409358297504,-0.5098028334256538
20.0,70.0,-0.3895130477620203,-0.49658870733570676
20.0,71.0,-0.2534168012936745,-0.5503522806339853
20.0,72.0,-0.051398060201141654,-0.413233229436463
20.0,73.0,0.06355064181461625,-0.27522940420691
20.0,74.0,-0.07806548184900156,-0.21729915542622802
20.0,75.0,0.22894180264026734,-0.09160501468180948
20.0,76.0,0.28953245295689034,-0.15564432591939842
20.0,77.0,0.5907666367619486,-0.2753831892208415
20.0,78.0,0.7212439094192008,-0.5221473032878123
20.0,79.0,0.7149138613392247,-0.5251869179636041
20.0,80.0,0.6367900938250427,-0.5397478300867868
20.0,81.0,0.2987388692606244,-0.42540499571700596
20.0,82.0,0.31382683357538754,-0.33392082462695927
20.0,83.0,0.3390894741541352,-0.14619622772008325
20.0,84.0,0.2910865572826511,-0.11388142495606145
20.0,85.0,0.26875345127880224,0.09741267297769517
20.0,86.0,0.16042305721931033,0.1280608108694509
20.0,87.0,0.08907140402674671,-0.1949883600525378
20.0,88.0,-0.0017786597564675016,-0.17453062872111996
20.0,89.0,-0.08111105751708605,-0.13417033134161865
20.0,90.0,-0.46834910270092567,-0.20344973967775887
20.0,91.0,-0.4191867988933133,0.005327039023067887
20.0,92.0,-0.2862127021886119,0.2597234660148844
20.0,93.0,-0.06141658941044653,0.4453752570244325
20.0,94.0,0.04088635783066931,0.31836350513513656